"region","parameter","subregion","error_prediction_effect"
"NEAR EAST","pm25","abu dhabi",81.4197895136494
"NEAR EAST","pm25","dubai",87.3306372141934
"NEAR EAST","pm25","bh",57.7144801828871
"NEAR EAST","pm25","jo",93.0041576022419
"NEAR EAST","pm25","hawalli governorate",71.9995490262439
"ASIA (EX. NEAR EAST)","pm25","af",66.5345476739716
"ASIA (EX. NEAR EAST)","pm25","jakarta",47.8457504655905
"ASIA (EX. NEAR EAST)","pm25","andhra pradesh",95.8262029363377
"ASIA (EX. NEAR EAST)","pm25","assam",95.2574921324961
"ASIA (EX. NEAR EAST)","pm25","bihar",94.6862598519367
"ASIA (EX. NEAR EAST)","pm25","delhi",96.4822628452258
"ASIA (EX. NEAR EAST)","pm25","gujarat",92.5864572338778
"ASIA (EX. NEAR EAST)","pm25","haryana",94.9948809324711
"ASIA (EX. NEAR EAST)","pm25","in",91.0531651854923
"ASIA (EX. NEAR EAST)","pm25","jharkhand",94.7485509980349
"ASIA (EX. NEAR EAST)","pm25","karnataka",92.2910258589055
"ASIA (EX. NEAR EAST)","pm25","kerala",93.9519171600825
"ASIA (EX. NEAR EAST)","pm25","madhya pradesh",96.749056388849
"ASIA (EX. NEAR EAST)","pm25","maharashtra",94.9243400261337
"ASIA (EX. NEAR EAST)","pm25","odisha",98.2231482714568
"ASIA (EX. NEAR EAST)","pm25","punjab",96.5669974924853
"ASIA (EX. NEAR EAST)","pm25","rajasthan",95.9213937457724
"ASIA (EX. NEAR EAST)","pm25","tamil nadu",91.8910412781172
"ASIA (EX. NEAR EAST)","pm25","telangana",92.6969297947191
"ASIA (EX. NEAR EAST)","pm25","uttar pradesh",97.5461976770559
"ASIA (EX. NEAR EAST)","pm25","west bengal",94.030020604148
"ASIA (EX. NEAR EAST)","pm25","la",78.094450899778
"ASIA (EX. NEAR EAST)","pm25","lk",57.359386383649
"ASIA (EX. NEAR EAST)","pm25","mm",52.5158355151626
"ASIA (EX. NEAR EAST)","pm25","pk",84.8248702546167
"ASIA (EX. NEAR EAST)","pm25","<U+009E>ilina region",84.4536898794728
"ASIA (EX. NEAR EAST)","pm25","bansk<e1> bystrica region",82.9100691337505
"ASIA (EX. NEAR EAST)","pm25","bratislava region",86.4385706563961
"ASIA (EX. NEAR EAST)","pm25","ko<U+009A>ice region",83.3155807004922
"ASIA (EX. NEAR EAST)","pm25","nitra region",82.9716301411001
"ASIA (EX. NEAR EAST)","pm25","pre<U+009A>ov region",83.2817982779029
"ASIA (EX. NEAR EAST)","pm25","trenc<ed>n region",81.6226214513271
"ASIA (EX. NEAR EAST)","pm25","trnava region",83.3417759900404
"ASIA (EX. NEAR EAST)","pm25","vn",38.4684186417135
"ASIA (EX. NEAR EAST)","co","andhra pradesh",255.912900640837
"ASIA (EX. NEAR EAST)","co","assam",255.344189836995
"ASIA (EX. NEAR EAST)","co","bihar",254.772957556436
"ASIA (EX. NEAR EAST)","co","delhi",256.568960549725
"ASIA (EX. NEAR EAST)","co","gujarat",252.673154938377
"ASIA (EX. NEAR EAST)","co","haryana",255.08157863697
"ASIA (EX. NEAR EAST)","co","in",251.139862889991
"ASIA (EX. NEAR EAST)","co","karnataka",252.377723563404
"ASIA (EX. NEAR EAST)","co","kerala",254.038614864581
"ASIA (EX. NEAR EAST)","co","madhya pradesh",256.835754093348
"ASIA (EX. NEAR EAST)","co","maharashtra",255.011037730633
"ASIA (EX. NEAR EAST)","co","odisha",258.309845975956
"ASIA (EX. NEAR EAST)","co","punjab",256.653695196984
"ASIA (EX. NEAR EAST)","co","rajasthan",256.008091450271
"ASIA (EX. NEAR EAST)","co","tamil nadu",251.977738982616
"ASIA (EX. NEAR EAST)","co","telangana",252.783627499218
"ASIA (EX. NEAR EAST)","co","uttar pradesh",257.632895381555
"ASIA (EX. NEAR EAST)","co","west bengal",254.116718308647
"ASIA (EX. NEAR EAST)","co","<U+009E>ilina region",244.540387583972
"ASIA (EX. NEAR EAST)","co","bansk<e1> bystrica region",242.996766838249
"ASIA (EX. NEAR EAST)","co","bratislava region",246.525268360895
"ASIA (EX. NEAR EAST)","o3","gujarat",101.140448963501
"ASIA (EX. NEAR EAST)","o3","haryana",103.548872662095
"ASIA (EX. NEAR EAST)","o3","in",99.6071569151158
"ASIA (EX. NEAR EAST)","o3","jharkhand",103.188594409484
"ASIA (EX. NEAR EAST)","o3","karnataka",100.845017588529
"ASIA (EX. NEAR EAST)","o3","kerala",102.505908889706
"ASIA (EX. NEAR EAST)","o3","madhya pradesh",105.303048118473
"ASIA (EX. NEAR EAST)","o3","maharashtra",103.478331755757
"ASIA (EX. NEAR EAST)","o3","odisha",106.487789241727
"ASIA (EX. NEAR EAST)","o3","punjab",105.120989222109
"ASIA (EX. NEAR EAST)","o3","rajasthan",104.475385475396
"ASIA (EX. NEAR EAST)","o3","tamil nadu",100.445033007741
"ASIA (EX. NEAR EAST)","o3","telangana",101.250921524343
"ASIA (EX. NEAR EAST)","o3","uttar pradesh",106.100189406679
"ASIA (EX. NEAR EAST)","o3","west bengal",102.584012333772
"ASIA (EX. NEAR EAST)","o3","<U+009E>ilina region",93.0076816090963
"ASIA (EX. NEAR EAST)","o3","bansk<e1> bystrica region",91.464060863374
"ASIA (EX. NEAR EAST)","o3","bratislava region",94.9925623860197
"ASIA (EX. NEAR EAST)","o3","ko<U+009A>ice region",91.8695724301158
"ASIA (EX. NEAR EAST)","o3","nitra region",91.5256218707237
"ASIA (EX. NEAR EAST)","o3","pre<U+009A>ov region",91.8357900075264
"ASIA (EX. NEAR EAST)","o3","trenc<ed>n region",90.1766131809506
"ASIA (EX. NEAR EAST)","o3","trnava region",91.895767719664
"ASIA (EX. NEAR EAST)","o3","th",72.7595071455306
"ASIA (EX. NEAR EAST)","pm10","andhra pradesh",72.622348623065
"ASIA (EX. NEAR EAST)","pm10","assam",72.0536378192233
"ASIA (EX. NEAR EAST)","pm10","bihar",71.4824055386639
"ASIA (EX. NEAR EAST)","pm10","delhi",73.278408531953
"ASIA (EX. NEAR EAST)","pm10","gujarat",69.382602920605
"ASIA (EX. NEAR EAST)","pm10","haryana",71.7910266191983
"ASIA (EX. NEAR EAST)","pm10","in",67.8493108722195
"ASIA (EX. NEAR EAST)","pm10","jharkhand",71.5446966847621
"ASIA (EX. NEAR EAST)","pm10","karnataka",69.0871715456327
"ASIA (EX. NEAR EAST)","pm10","kerala",70.7480628468097
"ASIA (EX. NEAR EAST)","pm10","madhya pradesh",73.5452020755762
"ASIA (EX. NEAR EAST)","pm10","maharashtra",71.7204857128609
"ASIA (EX. NEAR EAST)","pm10","odisha",75.019293958184
"ASIA (EX. NEAR EAST)","pm10","punjab",73.3631431792125
"ASIA (EX. NEAR EAST)","pm10","rajasthan",72.7175394324996
"ASIA (EX. NEAR EAST)","pm10","tamil nadu",68.6871869648444
"ASIA (EX. NEAR EAST)","pm10","telangana",69.4930754814463
"ASIA (EX. NEAR EAST)","pm10","uttar pradesh",74.3423433637831
"ASIA (EX. NEAR EAST)","pm10","west bengal",70.8261662908753
"ASIA (EX. NEAR EAST)","pm10","<U+009E>ilina region",61.2498355662
"ASIA (EX. NEAR EAST)","pm10","bansk<e1> bystrica region",59.7062148204777
"ASIA (EX. NEAR EAST)","pm10","bratislava region",63.2347163431233
"ASIA (EX. NEAR EAST)","pm10","ko<U+009A>ice region",60.1117263872194
"ASIA (EX. NEAR EAST)","pm10","nitra region",59.7677758278273
"ASIA (EX. NEAR EAST)","pm10","pre<U+009A>ov region",60.0779439646301
"ASIA (EX. NEAR EAST)","pm10","trenc<ed>n region",58.4187671380543
"ASIA (EX. NEAR EAST)","pm10","trnava region",60.1379216767677
"ASIA (EX. NEAR EAST)","pm10","th",41.0016611026343
"ASIA (EX. NEAR EAST)","so2","andhra pradesh",91.5457429717009
"ASIA (EX. NEAR EAST)","so2","assam",90.9770321678592
"ASIA (EX. NEAR EAST)","so2","bihar",90.4057998872998
"ASIA (EX. NEAR EAST)","so2","delhi",92.201802880589
"ASIA (EX. NEAR EAST)","so2","gujarat",88.305997269241
"ASIA (EX. NEAR EAST)","so2","haryana",90.7144209678342
"ASIA (EX. NEAR EAST)","so2","in",86.7727052208554
"ASIA (EX. NEAR EAST)","so2","jharkhand",90.468091033398
"ASIA (EX. NEAR EAST)","so2","karnataka",88.0105658942687
"ASIA (EX. NEAR EAST)","so2","kerala",89.6714571954457
"ASIA (EX. NEAR EAST)","so2","madhya pradesh",92.4685964242121
"ASIA (EX. NEAR EAST)","so2","maharashtra",90.6438800614968
"ASIA (EX. NEAR EAST)","so2","odisha",93.9426883068199
"ASIA (EX. NEAR EAST)","so2","punjab",92.2865375278485
"ASIA (EX. NEAR EAST)","so2","rajasthan",91.6409337811356
"ASIA (EX. NEAR EAST)","so2","tamil nadu",87.6105813134803
"ASIA (EX. NEAR EAST)","so2","telangana",88.4164698300822
"ASIA (EX. NEAR EAST)","so2","uttar pradesh",93.265737712419
"ASIA (EX. NEAR EAST)","so2","west bengal",89.7495606395112
"ASIA (EX. NEAR EAST)","so2","<U+009E>ilina region",80.1732299148359
"ASIA (EX. NEAR EAST)","so2","bansk<e1> bystrica region",78.6296091691136
"ASIA (EX. NEAR EAST)","so2","bratislava region",82.1581106917593
"ASIA (EX. NEAR EAST)","so2","ko<U+009A>ice region",79.0351207358554
"ASIA (EX. NEAR EAST)","so2","nitra region",78.6911701764633
"ASIA (EX. NEAR EAST)","so2","pre<U+009A>ov region",79.001338313266
"ASIA (EX. NEAR EAST)","so2","trenc<ed>n region",77.3421614866902
"ASIA (EX. NEAR EAST)","so2","trnava region",79.0613160254036
"ASIA (EX. NEAR EAST)","so2","th",59.9250554512702
"OCEANIA","pm25","australian capital territory",63.7453003592903
"OCEANIA","pm25","new south wales",64.761504404743
"OCEANIA","pm25","queensland",61.674689677077
"OCEANIA","pm25","south australia",62.8876304159396
"OCEANIA","pm25","victoria",67.2443394796789
"EASTERN EUROPE","o3","ba",112.595868159324
"EASTERN EUROPE","o3","<fa>st<ed> nad labem region",101.781953703022
"EASTERN EUROPE","o3","central bohemian region",100.770039951422
"EASTERN EUROPE","o3","hradec kr<e1>lov<e9> region",106.692100079153
"EASTERN EUROPE","o3","karlovy vary region",105.79541482133
"EASTERN EUROPE","o3","liberec region",104.59373848267
"EASTERN EUROPE","o3","moravian-silesian region",105.480298057932
"EASTERN EUROPE","o3","olomouc region",108.277438703457
"EASTERN EUROPE","o3","pardubice region",108.434194976829
"EASTERN EUROPE","o3","plzen region",103.726670851298
"EASTERN EUROPE","o3","prague",110.189246219847
"EASTERN EUROPE","o3","south bohemian region",104.739871147615
"EASTERN EUROPE","o3","south moravian region",105.212259200034
"EASTERN EUROPE","o3","vysocina region",103.726643702708
"EASTERN EUROPE","o3","zlin region",106.903574655803
"EASTERN EUROPE","o3","city of zagreb",113.718988607242
"EASTERN EUROPE","o3","krapina-zagorje county",109.651835026255
"EASTERN EUROPE","o3","lika-senj county",107.03806441936
"EASTERN EUROPE","o3","osijek-baranja county",113.576797389365
"EASTERN EUROPE","o3","primorje-gorski kotar county",114.439619176123
"EASTERN EUROPE","o3","split-dalmatia county",115.53402928031
"EASTERN EUROPE","o3","zagreb county",113.267479915769
"EASTERN EUROPE","o3","baranya",109.646138242413
"EASTERN EUROPE","o3","borsod-aba<fa>j-zempl<e9>n",103.424092174235
"EASTERN EUROPE","o3","budapest",117.35962826487
"EASTERN EUROPE","o3","fej<e9>r",109.348716616075
"EASTERN EUROPE","o3","gyor-moson-sopron",111.963365864775
"EASTERN EUROPE","o3","hajd<fa>-bihar",109.791396530797
"EASTERN EUROPE","o3","kom<e1>rom-esztergom",105.425582831614
"EASTERN EUROPE","o3","pest county",105.701821561584
"EASTERN EUROPE","o3","veszpr<e9>m",104.371981520672
"EASTERN EUROPE","o3","greater poland voivodeship",99.913079208313
"EASTERN EUROPE","o3","kuyavian-pomeranian voivodeship",98.7609820062641
"EASTERN EUROPE","o3","l<f3>dz voivodeship",98.0798017374227
"EASTERN EUROPE","o3","lesser poland voivodeship",103.260250217099
"EASTERN EUROPE","o3","lower silesian voivodeship",103.476806230635
"EASTERN EUROPE","o3","lublin voivodeship",101.17966346538
"EASTERN EUROPE","o3","lubusz voivodeship",98.4218757746023
"EASTERN EUROPE","o3","masovian voivodeship",103.023847611503
"EASTERN EUROPE","o3","opole voivodeship",100.445339063378
"EASTERN EUROPE","o3","podkarpackie voivodeship",101.080182619338
"EASTERN EUROPE","o3","podlaskie voivodeship",99.5186880948685
"EASTERN EUROPE","o3","pomeranian voivodeship",100.2198102979
"EASTERN EUROPE","o3","silesian voivodeship",99.1066577982165
"EASTERN EUROPE","o3","swietokrzyskie",99.5511180034517
"EASTERN EUROPE","o3","warmian-masurian voivodeship",98.1884028735644
"EASTERN EUROPE","o3","west pomeranian voivodeship",98.9177081278975
"EASTERN EUROPE","o3","rs",127.190706869002
"EASTERN EUROPE","pm25","ba",62.9248874561561
"EASTERN EUROPE","pm25","<fa>st<ed> nad labem region",52.110972999854
"EASTERN EUROPE","pm25","central bohemian region",51.0990592482539
"EASTERN EUROPE","pm25","hradec kr<e1>lov<e9> region",57.0211193759853
"EASTERN EUROPE","pm25","karlovy vary region",56.1244341181617
"EASTERN EUROPE","pm25","liberec region",54.9227577795016
"EASTERN EUROPE","pm25","moravian-silesian region",55.809317354764
"EASTERN EUROPE","pm25","olomouc region",58.6064580002884
"EASTERN EUROPE","pm25","pardubice region",58.7632142736609
"EASTERN EUROPE","pm25","plzen region",54.0556901481301
"EASTERN EUROPE","pm25","prague",60.5182655166784
"EASTERN EUROPE","pm25","south bohemian region",55.0688904444471
"EASTERN EUROPE","pm25","south moravian region",55.5412784968662
"EASTERN EUROPE","pm25","vysocina region",54.0556629995404
"EASTERN EUROPE","pm25","zlin region",57.2325939526345
"EASTERN EUROPE","pm25","brod-posavina county",63.2204193262761
"EASTERN EUROPE","pm25","istria county",64.6174932207186
"EASTERN EUROPE","pm25","krapina-zagorje county",60.4354015738723
"EASTERN EUROPE","pm25","osijek-baranja county",64.2240293616925
"EASTERN EUROPE","pm25","csongr<e1>d",58.6782482155766
"EASTERN EUROPE","pm25","greater poland voivodeship",50.2420985051449
"EASTERN EUROPE","pm25","kuyavian-pomeranian voivodeship",49.090001303096
"EASTERN EUROPE","pm25","l<f3>dz voivodeship",48.4088210342546
"EASTERN EUROPE","pm25","lesser poland voivodeship",53.5892695139312
"EASTERN EUROPE","pm25","lower silesian voivodeship",53.8058255274667
"EASTERN EUROPE","pm25","lublin voivodeship",51.5086827622119
"EASTERN EUROPE","pm25","lubusz voivodeship",48.7508950714342
"EASTERN EUROPE","pm25","masovian voivodeship",53.3528669083351
"EASTERN EUROPE","pm25","opole voivodeship",50.7743583602095
"EASTERN EUROPE","pm25","podkarpackie voivodeship",51.4092019161694
"EASTERN EUROPE","pm25","podlaskie voivodeship",49.8477073917004
"EASTERN EUROPE","pm25","pomeranian voivodeship",50.5488295947317
"EASTERN EUROPE","pm25","silesian voivodeship",49.4356770950484
"EASTERN EUROPE","pm25","swietokrzyskie",49.8801373002836
"EASTERN EUROPE","pm25","warmian-masurian voivodeship",48.5174221703963
"EASTERN EUROPE","pm25","west pomeranian voivodeship",49.2467274247294
"EASTERN EUROPE","pm25","rs",77.5197261658335
"EASTERN EUROPE","so2","ba",71.7881801052047
"EASTERN EUROPE","so2","<fa>st<ed> nad labem region",60.9742656489026
"EASTERN EUROPE","so2","central bohemian region",59.9379323618156
"EASTERN EUROPE","so2","karlovy vary region",65.0893537296569
"EASTERN EUROPE","so2","liberec region",63.7860504285502
"EASTERN EUROPE","so2","moravian-silesian region",64.6726100038126
"EASTERN EUROPE","so2","olomouc region",67.4450239528348
"EASTERN EUROPE","so2","pardubice region",67.6265069227095
"EASTERN EUROPE","so2","plzen region",62.9189827971787
"EASTERN EUROPE","so2","prague",69.0865649615281
"EASTERN EUROPE","so2","south bohemian region",63.9321830934957
"EASTERN EUROPE","so2","south moravian region",64.3031805540787
"EASTERN EUROPE","so2","vysocina region",62.918955648589
"EASTERN EUROPE","so2","zlin region",66.0958866016831
"EASTERN EUROPE","so2","brod-posavina county",72.1210095564426
"EASTERN EUROPE","so2","lika-senj county",68.5097943430004
"EASTERN EUROPE","so2","osijek-baranja county",72.7691093352457
"EASTERN EUROPE","so2","primorje-gorski kotar county",73.6319311220035
"EASTERN EUROPE","so2","split-dalmatia county",74.4010948704283
"EASTERN EUROPE","so2","baranya",68.8384501882937
"EASTERN EUROPE","so2","borsod-aba<fa>j-zempl<e9>n",62.6164041201158
"EASTERN EUROPE","so2","budapest",76.5519402107504
"EASTERN EUROPE","so2","csongr<e1>d",67.5415408646252
"EASTERN EUROPE","so2","fej<e9>r",68.5410285619557
"EASTERN EUROPE","so2","gyor-moson-sopron",71.1556778106559
"EASTERN EUROPE","so2","hajd<fa>-bihar",68.9837084766771
"EASTERN EUROPE","so2","kom<e1>rom-esztergom",64.6178947774944
"EASTERN EUROPE","so2","pest county",64.8941335074643
"EASTERN EUROPE","so2","szabolcs-szatm<e1>r-bereg",61.6567397802444
"EASTERN EUROPE","so2","veszpr<e9>m",63.564293466552
"EASTERN EUROPE","so2","greater poland voivodeship",59.1053911541935
"EASTERN EUROPE","so2","kuyavian-pomeranian voivodeship",57.9532939521446
"EASTERN EUROPE","so2","l<f3>dz voivodeship",57.2721136833032
"EASTERN EUROPE","so2","lesser poland voivodeship",62.4525621629798
"EASTERN EUROPE","so2","lower silesian voivodeship",62.6691181765153
"EASTERN EUROPE","so2","lublin voivodeship",60.3719754112605
"EASTERN EUROPE","so2","lubusz voivodeship",57.6141877204827
"EASTERN EUROPE","so2","masovian voivodeship",62.2161595573836
"EASTERN EUROPE","so2","opole voivodeship",59.6376510092581
"EASTERN EUROPE","so2","podkarpackie voivodeship",60.272494565218
"EASTERN EUROPE","so2","podlaskie voivodeship",58.711000040749
"EASTERN EUROPE","so2","pomeranian voivodeship",59.4121222437803
"EASTERN EUROPE","so2","silesian voivodeship",58.298969744097
"EASTERN EUROPE","so2","swietokrzyskie",58.7434299493322
"EASTERN EUROPE","so2","warmian-masurian voivodeship",57.3807148194449
"EASTERN EUROPE","so2","west pomeranian voivodeship",58.110020073778
"EASTERN EUROPE","so2","rs",86.3830188148821
"EASTERN EUROPE","pm10","<fa>st<ed> nad labem region",32.4329981989637
"EASTERN EUROPE","pm10","central bohemian region",31.4210844473637
"EASTERN EUROPE","pm10","hradec kr<e1>lov<e9> region",37.343144575095
"EASTERN EUROPE","pm10","karlovy vary region",36.4464593172714
"EASTERN EUROPE","pm10","liberec region",35.2447829786113
"EASTERN EUROPE","pm10","moravian-silesian region",36.1313425538737
"EASTERN EUROPE","pm10","olomouc region",38.9284831993982
"EASTERN EUROPE","pm10","pardubice region",39.0852394727706
"EASTERN EUROPE","pm10","plzen region",34.3777153472399
"EASTERN EUROPE","pm10","prague",40.8402907157882
"EASTERN EUROPE","pm10","south bohemian region",35.3909156435569
"EASTERN EUROPE","pm10","south moravian region",35.863303695976
"EASTERN EUROPE","pm10","vysocina region",34.3776881986501
"EASTERN EUROPE","pm10","zlin region",37.5546191517443
"EASTERN EUROPE","pm10","istria county",44.9395184198284
"EASTERN EUROPE","pm10","krapina-zagorje county",40.757426772982
"EASTERN EUROPE","pm10","lika-senj county",37.6891089153021
"EASTERN EUROPE","pm10","osijek-baranja county",44.2278418853069
"EASTERN EUROPE","pm10","baranya",40.2971827383548
"EASTERN EUROPE","pm10","borsod-aba<fa>j-zempl<e9>n",34.0751366701769
"EASTERN EUROPE","pm10","budapest",48.0106727608116
"EASTERN EUROPE","pm10","csongr<e1>d",39.0002734146864
"EASTERN EUROPE","pm10","fej<e9>r",39.9997611120168
"EASTERN EUROPE","pm10","gyor-moson-sopron",42.614410360717
"EASTERN EUROPE","pm10","hajd<fa>-bihar",40.4424410267382
"EASTERN EUROPE","pm10","kom<e1>rom-esztergom",36.0766273275555
"EASTERN EUROPE","pm10","pest county",36.3528660575255
"EASTERN EUROPE","pm10","szabolcs-szatm<e1>r-bereg",33.1154723303055
"EASTERN EUROPE","pm10","veszpr<e9>m",35.0230260166132
"EASTERN EUROPE","pm10","greater poland voivodeship",30.5641237042546
"EASTERN EUROPE","pm10","kuyavian-pomeranian voivodeship",29.4120265022058
"EASTERN EUROPE","pm10","l<f3>dz voivodeship",28.7308462333644
"EASTERN EUROPE","pm10","lesser poland voivodeship",33.9112947130409
"EASTERN EUROPE","pm10","lower silesian voivodeship",34.1278507265764
"EASTERN EUROPE","pm10","lublin voivodeship",31.8307079613216
"EASTERN EUROPE","pm10","lubusz voivodeship",29.0729202705439
"EASTERN EUROPE","pm10","masovian voivodeship",33.6748921074448
"EASTERN EUROPE","pm10","opole voivodeship",31.0963835593193
"EASTERN EUROPE","pm10","podkarpackie voivodeship",31.7312271152792
"EASTERN EUROPE","pm10","podlaskie voivodeship",30.1697325908102
"EASTERN EUROPE","pm10","pomeranian voivodeship",30.8708547938415
"EASTERN EUROPE","pm10","silesian voivodeship",29.7577022941581
"EASTERN EUROPE","pm10","swietokrzyskie",30.2021624993933
"EASTERN EUROPE","pm10","warmian-masurian voivodeship",28.8394473695061
"EASTERN EUROPE","pm10","west pomeranian voivodeship",29.5687526238391
"EASTERN EUROPE","pm10","rs",57.8417513649433
"EASTERN EUROPE","pm10","administrative unit maribor",59.7532321663533
"EASTERN EUROPE","pm10","celje",52.0061905587188
"EASTERN EUROPE","pm10","koper",53.9506839931738
"EASTERN EUROPE","pm10","ljubljana",58.7898156518261
"EASTERN EUROPE","pm10","nova gorica",53.441197327348
"EASTERN EUROPE","pm10","trbovlje",45.4009964067596
"EASTERN EUROPE","pm10","zagorje ob savi",49.7190660482303
"EASTERN EUROPE","co","pest county",-144.542164677429
"EASTERN EUROPE","co","veszpr<e9>m",-145.872004718342
"EASTERN EUROPE","co","greater poland voivodeship",-150.3309070307
"EASTERN EUROPE","co","kuyavian-pomeranian voivodeship",-151.483004232749
"EASTERN EUROPE","co","pomeranian voivodeship",-150.024175941113
"EASTERN EUROPE","co","silesian voivodeship",-151.137328440797
"EASTERN EUROPE","co","swietokrzyskie",-150.692868235561
"EASTERN EUROPE","co","warmian-masurian voivodeship",-152.055583365449
"EASTERN EUROPE","co","west pomeranian voivodeship",-151.326278111116
"EASTERN EUROPE","co","rs",-123.053279370012
"NORTHERN AMERICA","co","alberta",118.585988929826
"NORTHERN AMERICA","co","british columbia",119.020301808236
"NORTHERN AMERICA","co","quebec",122.748653469441
"NORTHERN AMERICA","co","alaska",105.577814470467
"NORTHERN AMERICA","co","arizona",97.3396493280018
"NORTHERN AMERICA","co","california",107.995435069928
"NORTHERN AMERICA","co","colorado",106.636543309004
"NORTHERN AMERICA","co","connecticut",107.904144006968
"NORTHERN AMERICA","co","district of columbia",115.883801857696
"NORTHERN AMERICA","co","florida",103.446726829808
"NORTHERN AMERICA","co","georgia",98.1789960181845
"NORTHERN AMERICA","co","hawaii",115.372097918759
"NORTHERN AMERICA","co","idaho",96.9943206995622
"NORTHERN AMERICA","co","illinois",99.6950457012898
"NORTHERN AMERICA","co","indiana",99.1668083135246
"NORTHERN AMERICA","co","iowa",98.3571710682426
"NORTHERN AMERICA","co","kentucky",97.137856743953
"NORTHERN AMERICA","co","maine",104.481729946801
"NORTHERN AMERICA","co","maryland",107.231987313231
"NORTHERN AMERICA","co","massachusetts",109.033830214567
"NORTHERN AMERICA","co","michigan",107.691460648187
"NORTHERN AMERICA","co","minnesota",105.093107467872
"NORTHERN AMERICA","co","mississippi",95.3375033685716
"NORTHERN AMERICA","co","missouri",96.2493464619702
"NORTHERN AMERICA","co","montana",101.888786947966
"NORTHERN AMERICA","co","nebraska",97.5541097314461
"NORTHERN AMERICA","co","nevada",98.711561762417
"NORTHERN AMERICA","co","new hampshire",104.811765479193
"NORTHERN AMERICA","co","new jersey",111.690291694857
"NORTHERN AMERICA","co","new mexico",97.4491325121688
"NORTHERN AMERICA","co","north carolina",96.4146995803553
"NORTHERN AMERICA","co","ohio",99.757675544622
"NORTHERN AMERICA","co","oklahoma",94.1227373135385
"NORTHERN AMERICA","co","pennsylvania",106.162233733178
"NORTHERN AMERICA","co","rhode island",108.110607472111
"NORTHERN AMERICA","co","tennessee",94.9860335059816
"NORTHERN AMERICA","co","utah",97.0923220008318
"NORTHERN AMERICA","co","vermont",111.318824635206
"NORTHERN AMERICA","co","virginia",99.7599387451607
"NORTHERN AMERICA","co","wisconsin",102.167765702343
"NORTHERN AMERICA","co","wyoming",96.2465344114579
"NORTHERN AMERICA","o3","alberta",77.5375805861373
"NORTHERN AMERICA","o3","british columbia",77.9718934645468
"NORTHERN AMERICA","o3","new brunswick",76.413120508813
"NORTHERN AMERICA","o3","newfoundland and labrador",76.2100037646912
"NORTHERN AMERICA","o3","northwest territories",76.3520194261781
"NORTHERN AMERICA","o3","nova scotia",78.4412123423054
"NORTHERN AMERICA","o3","ontario",80.2056437086196
"NORTHERN AMERICA","o3","prince edward island",78.1555336306986
"NORTHERN AMERICA","o3","quebec",81.7002451257515
"NORTHERN AMERICA","o3","saskatchewan",75.3075154794811
"NORTHERN AMERICA","o3","alabama",55.3145321660354
"NORTHERN AMERICA","o3","alaska",64.5294061267779
"NORTHERN AMERICA","o3","arizona",56.2912409843126
"NORTHERN AMERICA","o3","arkansas",52.5876128955167
"NORTHERN AMERICA","o3","california",66.9470267262389
"NORTHERN AMERICA","o3","colorado",65.5881349653147
"NORTHERN AMERICA","o3","connecticut",66.8557356632791
"NORTHERN AMERICA","o3","delaware",66.5111597025914
"NORTHERN AMERICA","o3","district of columbia",74.8353935140064
"NORTHERN AMERICA","o3","florida",62.398318486119
"NORTHERN AMERICA","o3","georgia",57.1305876744953
"NORTHERN AMERICA","o3","hawaii",74.32368957507
"NORTHERN AMERICA","o3","idaho",55.945912355873
"NORTHERN AMERICA","o3","illinois",58.6466373576006
"NORTHERN AMERICA","o3","indiana",58.1183999698354
"NORTHERN AMERICA","o3","iowa",57.3087627245534
"NORTHERN AMERICA","o3","kansas",57.4990045147912
"NORTHERN AMERICA","o3","kentucky",56.0894484002638
"NORTHERN AMERICA","o3","louisiana",60.2137338002456
"NORTHERN AMERICA","o3","maine",63.4333216031119
"NORTHERN AMERICA","o3","maryland",66.183578969542
"NORTHERN AMERICA","o3","massachusetts",67.9854218708773
"NORTHERN AMERICA","o3","michigan",66.6430523044976
"NORTHERN AMERICA","o3","minnesota",64.0446991241826
"NORTHERN AMERICA","o3","mississippi",54.2890950248825
"NORTHERN AMERICA","o3","missouri",55.2009381182811
"NORTHERN AMERICA","o3","montana",60.6940969071523
"NORTHERN AMERICA","o3","nebraska",56.505701387757
"NORTHERN AMERICA","o3","nevada",57.6631534187278
"NORTHERN AMERICA","o3","new hampshire",63.7633571355042
"NORTHERN AMERICA","o3","new jersey",70.6418833511683
"NORTHERN AMERICA","o3","new mexico",56.4007241684796
"NORTHERN AMERICA","o3","new york",66.0783202686334
"NORTHERN AMERICA","o3","north carolina",55.3662912366661
"NORTHERN AMERICA","o3","north dakota",60.5728044474614
"NORTHERN AMERICA","o3","ohio",58.7092672009328
"NORTHERN AMERICA","o3","oklahoma",53.0743289698493
"NORTHERN AMERICA","o3","oregon",57.9235302176891
"NORTHERN AMERICA","o3","pennsylvania",65.1138253894891
"NORTHERN AMERICA","o3","rhode island",66.8761916157464
"NORTHERN AMERICA","o3","south carolina",54.6370753431878
"NORTHERN AMERICA","o3","south dakota",57.8397240637815
"NORTHERN AMERICA","o3","tennessee",53.8805736793268
"NORTHERN AMERICA","o3","texas",56.4600203322843
"NORTHERN AMERICA","o3","utah",56.0439136571426
"NORTHERN AMERICA","o3","vermont",70.2704162915164
"NORTHERN AMERICA","o3","virginia",58.7115304014715
"NORTHERN AMERICA","o3","washington",61.3736759057789
"NORTHERN AMERICA","o3","west virginia",56.7961049707302
"NORTHERN AMERICA","o3","wisconsin",61.119357358654
"NORTHERN AMERICA","o3","wyoming",55.1981260677687
"NORTHERN AMERICA","pm10","british columbia",72.8933621512341
"NORTHERN AMERICA","pm10","alabama",50.2360008527227
"NORTHERN AMERICA","pm10","alaska",59.4508748134652
"NORTHERN AMERICA","pm10","arizona",51.2127096709999
"NORTHERN AMERICA","pm10","california",61.8684954129262
"NORTHERN AMERICA","pm10","colorado",60.509603652002
"NORTHERN AMERICA","pm10","connecticut",61.7772043499664
"NORTHERN AMERICA","pm10","district of columbia",69.7568622006937
"NORTHERN AMERICA","pm10","florida",57.3197871728063
"NORTHERN AMERICA","pm10","georgia",52.0520563611826
"NORTHERN AMERICA","pm10","hawaii",69.2451582617573
"NORTHERN AMERICA","pm10","idaho",50.8673810425603
"NORTHERN AMERICA","pm10","indiana",53.0398686565227
"NORTHERN AMERICA","pm10","kansas",52.4204732014785
"NORTHERN AMERICA","pm10","kentucky",51.0109170869511
"NORTHERN AMERICA","pm10","michigan",61.5645209911849
"NORTHERN AMERICA","pm10","minnesota",58.9661678108699
"NORTHERN AMERICA","pm10","missouri",50.1224068049684
"NORTHERN AMERICA","pm10","montana",55.6155655938396
"NORTHERN AMERICA","pm10","nevada",52.5846221054151
"NORTHERN AMERICA","pm10","new hampshire",58.6848258221915
"NORTHERN AMERICA","pm10","new mexico",51.3221928551669
"NORTHERN AMERICA","pm10","new york",60.9997889553207
"NORTHERN AMERICA","pm10","north carolina",50.2877599233534
"NORTHERN AMERICA","pm10","north dakota",55.4942731341487
"NORTHERN AMERICA","pm10","ohio",53.6307358876201
"NORTHERN AMERICA","pm10","oklahoma",47.9957976565366
"NORTHERN AMERICA","pm10","oregon",52.8449989043764
"NORTHERN AMERICA","pm10","pennsylvania",60.0352940761764
"NORTHERN AMERICA","pm10","south carolina",49.5585440298751
"NORTHERN AMERICA","pm10","south dakota",52.7611927504688
"NORTHERN AMERICA","pm10","texas",51.3814890189716
"NORTHERN AMERICA","pm10","us",55.6625838763002
"NORTHERN AMERICA","pm10","washington",56.2951445924662
"NORTHERN AMERICA","pm10","wisconsin",56.0408260453413
"NORTHERN AMERICA","pm10","wyoming",50.119594754456
"NORTHERN AMERICA","pm25","alberta",82.3803004956411
"NORTHERN AMERICA","pm25","british columbia",82.8146133740506
"NORTHERN AMERICA","pm25","new brunswick",81.2558404183168
"NORTHERN AMERICA","pm25","newfoundland and labrador",81.052723674195
"NORTHERN AMERICA","pm25","nova scotia",83.2839322518092
"NORTHERN AMERICA","pm25","ontario",85.0483636181235
"NORTHERN AMERICA","pm25","prince edward island",82.9982535402025
"NORTHERN AMERICA","pm25","quebec",86.5429650352553
"NORTHERN AMERICA","pm25","saskatchewan",80.1502353889849
"NORTHERN AMERICA","pm25","alabama",60.1572520755393
"NORTHERN AMERICA","pm25","alaska",69.3721260362818
"NORTHERN AMERICA","pm25","arizona",61.1339608938164
"NORTHERN AMERICA","pm25","arkansas",57.4303328050205
"NORTHERN AMERICA","pm25","california",71.7897466357427
"NORTHERN AMERICA","pm25","colorado",70.4308548748186
"NORTHERN AMERICA","pm25","connecticut",71.6984555727829
"NORTHERN AMERICA","pm25","delaware",71.3538796120953
"NORTHERN AMERICA","pm25","district of columbia",79.6781134235102
"NORTHERN AMERICA","pm25","florida",67.2410383956228
"NORTHERN AMERICA","pm25","georgia",61.9733075839991
"NORTHERN AMERICA","pm25","hawaii",79.1664094845738
"NORTHERN AMERICA","pm25","idaho",60.7886322653769
"NORTHERN AMERICA","pm25","illinois",63.4893572671044
"NORTHERN AMERICA","pm25","indiana",62.9611198793392
"NORTHERN AMERICA","pm25","iowa",62.1514826340573
"NORTHERN AMERICA","pm25","kansas",62.341724424295
"NORTHERN AMERICA","pm25","kentucky",60.9321683097676
"NORTHERN AMERICA","pm25","louisiana",65.0564537097495
"NORTHERN AMERICA","pm25","maine",68.2760415126158
"NORTHERN AMERICA","pm25","maryland",71.0262988790458
"NORTHERN AMERICA","pm25","massachusetts",72.8281417803812
"NORTHERN AMERICA","pm25","michigan",71.4857722140014
"NORTHERN AMERICA","pm25","minnesota",68.8874190336864
"NORTHERN AMERICA","pm25","mississippi",59.1318149343863
"NORTHERN AMERICA","pm25","missouri",60.0436580277849
"NORTHERN AMERICA","pm25","montana",65.5368168166561
"NORTHERN AMERICA","pm25","nebraska",61.3484212972608
"NORTHERN AMERICA","pm25","nevada",62.5058733282317
"NORTHERN AMERICA","pm25","new hampshire",68.606077045008
"NORTHERN AMERICA","pm25","new jersey",75.4846032606721
"NORTHERN AMERICA","pm25","new mexico",61.2434440779835
"NORTHERN AMERICA","pm25","new york",70.9210401781372
"NORTHERN AMERICA","pm25","north carolina",60.2090111461699
"NORTHERN AMERICA","pm25","north dakota",65.4155243569652
"NORTHERN AMERICA","pm25","ohio",63.5519871104367
"NORTHERN AMERICA","pm25","oklahoma",57.9170488793532
"NORTHERN AMERICA","pm25","oregon",62.7662501271929
"NORTHERN AMERICA","pm25","pennsylvania",69.9565452989929
"NORTHERN AMERICA","pm25","rhode island",71.7189115252502
"NORTHERN AMERICA","pm25","south carolina",59.4797952526916
"NORTHERN AMERICA","pm25","south dakota",62.6824439732853
"NORTHERN AMERICA","pm25","tennessee",58.7232935888306
"NORTHERN AMERICA","pm25","texas",61.3027402417882
"NORTHERN AMERICA","pm25","us",65.5838350991168
"NORTHERN AMERICA","pm25","utah",60.8866335666465
"NORTHERN AMERICA","pm25","vermont",75.1131362010203
"NORTHERN AMERICA","pm25","virginia",63.5542503109754
"NORTHERN AMERICA","pm25","washington",66.2163958152827
"NORTHERN AMERICA","pm25","wisconsin",65.9620772681578
"NORTHERN AMERICA","pm25","wyoming",60.0408459772725
"NORTHERN AMERICA","so2","alberta",75.7362652941947
"NORTHERN AMERICA","so2","british columbia",76.1705781726042
"NORTHERN AMERICA","so2","nova scotia",75.2689819119899
"NORTHERN AMERICA","so2","alaska",63.225155453982
"NORTHERN AMERICA","so2","arizona",54.48992569237
"NORTHERN AMERICA","so2","california",65.1457114342963
"NORTHERN AMERICA","so2","delaware",64.1721385932449
"NORTHERN AMERICA","so2","district of columbia",73.0832934026725
"NORTHERN AMERICA","so2","florida",60.5970031941764
"NORTHERN AMERICA","so2","georgia",55.3292723825527
"NORTHERN AMERICA","so2","hawaii",72.5223742831274
"NORTHERN AMERICA","so2","idaho",54.1445970639305
"NORTHERN AMERICA","so2","illinois",56.9103123484493
"NORTHERN AMERICA","so2","indiana",56.3170846778928
"NORTHERN AMERICA","so2","iowa",55.436234152511
"NORTHERN AMERICA","so2","kansas",55.6976892228486
"NORTHERN AMERICA","so2","kentucky",54.2881331083212
"NORTHERN AMERICA","so2","maryland",64.3822636775994
"NORTHERN AMERICA","so2","massachusetts",66.1841065789348
"NORTHERN AMERICA","so2","michigan",64.841737012555
"NORTHERN AMERICA","so2","minnesota",62.24338383224
"NORTHERN AMERICA","so2","missouri",53.3996228263385
"NORTHERN AMERICA","so2","nevada",55.178844403974
"NORTHERN AMERICA","so2","new hampshire",61.9620418435616
"NORTHERN AMERICA","so2","new mexico",54.5994088765371
"NORTHERN AMERICA","so2","north carolina",53.5649759447235
"NORTHERN AMERICA","so2","ohio",56.9079519089903
"NORTHERN AMERICA","so2","oklahoma",51.1235475889875
"NORTHERN AMERICA","so2","pennsylvania",63.3125100975465
"NORTHERN AMERICA","so2","south carolina",52.4938377284593
"NORTHERN AMERICA","so2","tennessee",52.0792583873842
"NORTHERN AMERICA","so2","utah",54.2425983652
"NORTHERN AMERICA","so2","virginia",56.910215109529
"NORTHERN AMERICA","so2","west virginia",54.9947896787876
"LATIN AMER. & CARIB","co","antofagasta",-104.449568978194
"LATIN AMER. & CARIB","co","araucania",-98.8641477321748
"LATIN AMER. & CARIB","co","bio bio",-104.71606572117
"LATIN AMER. & CARIB","co","cl",-102.572448687697
"LATIN AMER. & CARIB","co","los r<ed>os",-102.457824717165
"LATIN AMER. & CARIB","co","santiago metropolitan region",-102.463539678342
"LATIN AMER. & CARIB","co","valpara<ed>so",-104.029841354397
"LATIN AMER. & CARIB","co","antioquia",-82.0999526702266
"LATIN AMER. & CARIB","o3","antofagasta",59.7443260810581
"LATIN AMER. & CARIB","o3","atacama",61.571383168541
"LATIN AMER. & CARIB","o3","ays<e9>n",63.9783118494513
"LATIN AMER. & CARIB","o3","bio bio",59.4778293380817
"LATIN AMER. & CARIB","o3","cl",61.621446371555
"LATIN AMER. & CARIB","o3","santiago metropolitan region",61.7303553809093
"LATIN AMER. & CARIB","o3","valpara<ed>so",60.1640537048552
"LATIN AMER. & CARIB","o3","antioquia",82.8546069180543
"LATIN AMER. & CARIB","pm10","<f1>uble",45.5795761437153
"LATIN AMER. & CARIB","pm10","antofagasta",40.2752672493583
"LATIN AMER. & CARIB","pm10","araucania",45.8606884953772
"LATIN AMER. & CARIB","pm10","atacama",42.1023243368412
"LATIN AMER. & CARIB","pm10","ays<e9>n",44.5092530177515
"LATIN AMER. & CARIB","pm10","bio bio",40.0087705063819
"LATIN AMER. & CARIB","pm10","cl",42.1523875398552
"LATIN AMER. & CARIB","pm10","coquimbo",41.9614022963488
"LATIN AMER. & CARIB","pm10","los lagos",41.5061806356234
"LATIN AMER. & CARIB","pm10","los r<ed>os",42.2670115103867
"LATIN AMER. & CARIB","pm10","maule",41.16935468882
"LATIN AMER. & CARIB","pm10","santiago metropolitan region",42.2612965492095
"LATIN AMER. & CARIB","pm10","valpara<ed>so",40.6949948731555
"LATIN AMER. & CARIB","pm10","antioquia",63.3855480863545
"LATIN AMER. & CARIB","pm25","<f1>uble",54.4345086597132
"LATIN AMER. & CARIB","pm25","antofagasta",49.1301997653562
"LATIN AMER. & CARIB","pm25","araucania",54.7156210113751
"LATIN AMER. & CARIB","pm25","atacama",50.9572568528391
"LATIN AMER. & CARIB","pm25","ays<e9>n",53.3641855337494
"LATIN AMER. & CARIB","pm25","bio bio",48.8637030223798
"LATIN AMER. & CARIB","pm25","cl",51.0073200558531
"LATIN AMER. & CARIB","pm25","coquimbo",50.8163348123466
"LATIN AMER. & CARIB","pm25","los lagos",50.3611131516213
"LATIN AMER. & CARIB","pm25","los r<ed>os",51.1219440263846
"LATIN AMER. & CARIB","pm25","magallanes and chilean antarctica",55.0478434600511
"LATIN AMER. & CARIB","pm25","maule",50.0242872048178
"LATIN AMER. & CARIB","pm25","santiago metropolitan region",51.1162290652074
"LATIN AMER. & CARIB","pm25","valpara<ed>so",49.5499273891533
"LATIN AMER. & CARIB","pm25","antioquia",72.2404806023524
"LATIN AMER. & CARIB","pm25","bogota",71.1537579641946
"LATIN AMER. & CARIB","pm25","cr",59.5376203895572
"LATIN AMER. & CARIB","so2","antofagasta",47.2267983660694
"LATIN AMER. & CARIB","so2","atacama",49.0538554535522
"LATIN AMER. & CARIB","so2","ays<e9>n",51.4607841344625
"LATIN AMER. & CARIB","so2","bio bio",46.960301623093
"LATIN AMER. & CARIB","so2","cl",49.1039186565663
"LATIN AMER. & CARIB","so2","los r<ed>os",49.2185426270977
"LATIN AMER. & CARIB","so2","santiago metropolitan region",49.2128276659205
"LATIN AMER. & CARIB","so2","valpara<ed>so",47.6465259898665
"LATIN AMER. & CARIB","so2","antioquia",70.3370792030656
"WESTERN EUROPE","o3","aragon",179.391284144961
"WESTERN EUROPE","o3","asturias",178.52526687457
"WESTERN EUROPE","o3","balearic islands",181.602995371642
"WESTERN EUROPE","o3","basque country",181.989972938087
"WESTERN EUROPE","o3","canary islands",181.092917804737
"WESTERN EUROPE","o3","cantabria",181.374797865474
"WESTERN EUROPE","o3","castile-la mancha",181.813091435716
"WESTERN EUROPE","o3","castile and le<f3>n",180.093943511526
"WESTERN EUROPE","o3","catalonia",181.933032534421
"WESTERN EUROPE","o3","community of madrid",181.81556834622
"WESTERN EUROPE","o3","es",180.050328958136
"WESTERN EUROPE","o3","extremadura",178.801783460937
"WESTERN EUROPE","o3","galicia",177.141710604992
"WESTERN EUROPE","o3","la rioja",178.799029249431
"WESTERN EUROPE","o3","navarre",173.809903020582
"WESTERN EUROPE","o3","region of murcia",177.296365455516
"WESTERN EUROPE","o3","valencian community",180.161333822134
"WESTERN EUROPE","o3","kymenlaakso",168.968521793331
"WESTERN EUROPE","o3","lapland",172.472597888174
"WESTERN EUROPE","o3","northern ostrobothnia",169.301075912604
"WESTERN EUROPE","o3","pirkanmaa",169.887311347088
"WESTERN EUROPE","o3","southwest finland",167.462973037785
"WESTERN EUROPE","o3","uusimaa",171.84017812774
"WESTERN EUROPE","o3","<ee>le-de-france",186.050359885946
"WESTERN EUROPE","o3","auvergne-rh<f4>ne-alpes",182.796411980152
"WESTERN EUROPE","o3","bourgogne-franche-comt<e9>",180.680092893064
"WESTERN EUROPE","o3","brittany",178.698808125579
"WESTERN EUROPE","o3","centre-val de loire",180.263483882908
"WESTERN EUROPE","o3","corsica",180.565878979276
"WESTERN EUROPE","o3","fr",181.457103151685
"WESTERN EUROPE","o3","grand est",180.592315025256
"WESTERN EUROPE","o3","hauts-de-france",183.622800351458
"WESTERN EUROPE","o3","normandy",180.973902042342
"WESTERN EUROPE","o3","nouvelle-aquitaine",180.181229650487
"WESTERN EUROPE","pm10","basque country",77.6420251747675
"WESTERN EUROPE","pm10","canary islands",76.4369378372669
"WESTERN EUROPE","pm10","cantabria",77.0268501021544
"WESTERN EUROPE","pm10","castile-la mancha",74.0717724348009
"WESTERN EUROPE","pm10","castile and le<f3>n",75.7459957482068
"WESTERN EUROPE","pm10","catalonia",74.864383615065
"WESTERN EUROPE","pm10","community of madrid",77.4676205829005
"WESTERN EUROPE","pm10","es",75.7023811948171
"WESTERN EUROPE","pm10","galicia",72.7937628416723
"WESTERN EUROPE","pm10","navarre",69.4619552572625
"WESTERN EUROPE","pm10","region of murcia",72.9484176921969
"WESTERN EUROPE","pm10","valencian community",76.1557361201232
"WESTERN EUROPE","pm10","central finland",66.0904569359611
"WESTERN EUROPE","pm10","kymenlaakso",64.6205740300116
"WESTERN EUROPE","pm10","northern ostrobothnia",64.9531281492843
"WESTERN EUROPE","pm10","northern savonia",63.8542517310459
"WESTERN EUROPE","pm10","ostrobothnia",62.5239278864598
"WESTERN EUROPE","pm10","pirkanmaa",65.5393635837681
"WESTERN EUROPE","pm10","satakunta",58.3665302737487
"WESTERN EUROPE","pm10","south karelia",64.7909131911701
"WESTERN EUROPE","pm10","uusimaa",67.4922303644202
"WESTERN EUROPE","pm10","<ee>le-de-france",81.7024121226265
"WESTERN EUROPE","pm10","auvergne-rh<f4>ne-alpes",78.448464216833
"WESTERN EUROPE","pm10","bourgogne-franche-comt<e9>",76.332145129745
"WESTERN EUROPE","pm10","brittany",74.3508603622598
"WESTERN EUROPE","pm10","centre-val de loire",75.9155361195881
"WESTERN EUROPE","pm10","corsica",76.2179312159564
"WESTERN EUROPE","pm10","fr",77.1091553883655
"WESTERN EUROPE","pm10","grand est",76.2443672619362
"WESTERN EUROPE","pm10","hauts-de-france",79.2748525881382
"WESTERN EUROPE","pm10","normandy",76.6259542790225
"WESTERN EUROPE","pm10","nouvelle-aquitaine",75.8332818871679
"WESTERN EUROPE","pm10","occitanie",77.4619214245405
"WESTERN EUROPE","pm10","county wexford",69.538869581597
"WESTERN EUROPE","pm25","asturias",91.1144726667248
"WESTERN EUROPE","pm25","basque country",94.5791787302413
"WESTERN EUROPE","pm25","northern ostrobothnia",81.8902817047581
"WESTERN EUROPE","pm25","pirkanmaa",82.4765171392419
"WESTERN EUROPE","pm25","south karelia",81.7280667466439
"WESTERN EUROPE","pm25","southwest finland",80.0521788299394
"WESTERN EUROPE","pm25","uusimaa",84.429383919894
"WESTERN EUROPE","pm25","<ee>le-de-france",98.6395656781002
"WESTERN EUROPE","pm25","auvergne-rh<f4>ne-alpes",95.3856177723068
"WESTERN EUROPE","pm25","bourgogne-franche-comt<e9>",93.2692986852188
"WESTERN EUROPE","pm25","brittany",91.2880139177336
"WESTERN EUROPE","pm25","centre-val de loire",92.8526896750619
"WESTERN EUROPE","so2","asturias",70.82812194287
"WESTERN EUROPE","so2","balearic islands",73.9058504399414
"WESTERN EUROPE","so2","basque country",74.2928280063866
"WESTERN EUROPE","so2","canary islands",73.3957728730369
"WESTERN EUROPE","so2","cantabria",73.6776529337734
"WESTERN EUROPE","so2","castile-la mancha",74.1159465040159
"WESTERN EUROPE","so2","castile and le<f3>n",72.3967985798259
"WESTERN EUROPE","so2","catalonia",74.2358876027211
"WESTERN EUROPE","so2","community of madrid",74.1184234145195
"WESTERN EUROPE","so2","es",72.3531840264361
"WESTERN EUROPE","so2","extremadura",71.1046385292367
"WESTERN EUROPE","so2","galicia",69.4445656732913
"WESTERN EUROPE","so2","la rioja",70.7598121630791
"WESTERN EUROPE","so2","navarre",66.5348509220067
"WESTERN EUROPE","so2","region of murcia",69.599220523816
"WESTERN EUROPE","so2","valencian community",72.4641888904335
"WESTERN EUROPE","so2","kymenlaakso",61.2713768616306
"WESTERN EUROPE","so2","lapland",64.7754529564741
"WESTERN EUROPE","so2","northern ostrobothnia",61.6039309809034
"WESTERN EUROPE","so2","satakunta",55.0173331053677
"WESTERN EUROPE","so2","south karelia",61.4417160227891
"WESTERN EUROPE","so2","southwest finland",59.7658281060846
"WESTERN EUROPE","so2","uusimaa",64.1347476904898
"WESTERN EUROPE","so2","<ee>le-de-france",78.3532149542455
"WESTERN EUROPE","so2","auvergne-rh<f4>ne-alpes",75.099267048452
"WESTERN EUROPE","so2","bourgogne-franche-comt<e9>",72.9829479613641
