"region","parameter","subregion","value_difference_effect"
"NEAR EAST","pm25","abu dhabi",80.5538817634903
"NEAR EAST","pm25","dubai",86.4776488438459
"NEAR EAST","pm25","bh",56.8599195578181
"NEAR EAST","pm25","jo",92.1495969771729
"NEAR EAST","pm25","hawalli governorate",71.2378137070301
"ASIA (EX. NEAR EAST)","pm25","af",63.0128757265429
"ASIA (EX. NEAR EAST)","pm25","punjab",93.0377195449074
"ASIA (EX. NEAR EAST)","pm25","la",74.5727789523494
"ASIA (EX. NEAR EAST)","pm25","lk",53.8377144362203
"ASIA (EX. NEAR EAST)","pm25","mm",48.994163567734
"ASIA (EX. NEAR EAST)","pm25","pk",81.3031983071881
"ASIA (EX. NEAR EAST)","pm25","vn",34.9467466942848
"EASTERN EUROPE","co","ba",240.113658104501
"EASTERN EUROPE","co","central bohemian region",228.444472334103
"EASTERN EUROPE","co","cz",232.969464556114
"EASTERN EUROPE","co","moravian-silesian region",233.015265228599
"EASTERN EUROPE","co","plzen region",231.266009491757
"EASTERN EUROPE","co","prague",237.75172070969
"EASTERN EUROPE","co","south bohemian region",232.259269591158
"EASTERN EUROPE","co","south moravian region",232.75444562033
"EASTERN EUROPE","co","vysocina region",231.262399034163
"EASTERN EUROPE","co","osijek-baranja county",241.137904555244
"EASTERN EUROPE","co","primorje-gorski kotar county",242.061950277138
"EASTERN EUROPE","co","sisak-moslavina county",236.656900273562
"EASTERN EUROPE","co","baranya",237.197205992178
"EASTERN EUROPE","co","budapest",244.870332418726
"EASTERN EUROPE","co","gyor-moson-sopron",239.418826981516
"EASTERN EUROPE","co","hu",233.556561330308
"EASTERN EUROPE","co","pest county",233.248369421204
"EASTERN EUROPE","co","greater poland voivodeship",227.373477016487
"EASTERN EUROPE","co","kuyavian-pomeranian voivodeship",226.143543218783
"EASTERN EUROPE","co","lesser poland voivodeship",230.634300262813
"EASTERN EUROPE","co","lower silesian voivodeship",231.136602423872
"EASTERN EUROPE","co","lublin voivodeship",235.705792280455
"EASTERN EUROPE","co","lubusz voivodeship",226.001353215137
"EASTERN EUROPE","co","masovian voivodeship",230.707852540176
"EASTERN EUROPE","co","opole voivodeship",228.124073840647
"EASTERN EUROPE","co","pl",227.714303265792
"EASTERN EUROPE","co","podkarpackie voivodeship",228.581680322787
"EASTERN EUROPE","co","podlaskie voivodeship",227.110750500905
"EASTERN EUROPE","co","pomeranian voivodeship",227.714224461967
"EASTERN EUROPE","co","silesian voivodeship",226.561277057472
"EASTERN EUROPE","co","swietokrzyskie",226.968289016911
"EASTERN EUROPE","co","warmian-masurian voivodeship",225.863436220541
"EASTERN EUROPE","co","west pomeranian voivodeship",226.432850973519
"EASTERN EUROPE","co","rs",254.708496814179
"EASTERN EUROPE","co","bratislava region",240.685821632911
"EASTERN EUROPE","co","nitra region",237.227894156121
"EASTERN EUROPE","co","sk",237.852045201275
"EASTERN EUROPE","co","trnava region",237.606822843361
"EASTERN EUROPE","no2","ba",83.0737512869236
"EASTERN EUROPE","no2","central bohemian region",71.2551801064099
"EASTERN EUROPE","no2","cz",75.9295577385365
"EASTERN EUROPE","no2","karlovy vary region",76.2073181323739
"EASTERN EUROPE","no2","liberec region",75.1075027673171
"EASTERN EUROPE","no2","moravian-silesian region",75.9753584110214
"EASTERN EUROPE","no2","olomouc region",78.6893858971153
"EASTERN EUROPE","no2","pardubice region",78.8438369411211
"EASTERN EUROPE","no2","plzen region",74.2261026741796
"EASTERN EUROPE","no2","prague",80.7118138921124
"EASTERN EUROPE","no2","south bohemian region",75.2193627735808
"EASTERN EUROPE","no2","south moravian region",75.7145388027522
"EASTERN EUROPE","no2","vysocina region",74.2224922165856
"EASTERN EUROPE","no2","zlin region",77.4016620561317
"EASTERN EUROPE","no2","brod-posavina county",83.297274593924
"EASTERN EUROPE","no2","city of zagreb",84.4314218101165
"EASTERN EUROPE","no2","krapina-zagorje county",80.2444619210651
"EASTERN EUROPE","no2","lika-senj county",77.4864196520008
"EASTERN EUROPE","no2","osijek-baranja county",84.0979977376664
"EASTERN EUROPE","no2","primorje-gorski kotar county",85.3279253475563
"EASTERN EUROPE","no2","split-dalmatia county",85.6599066008075
"EASTERN EUROPE","no2","zagreb county",81.1766095200916
"EASTERN EUROPE","no2","baranya",80.1572991746009
"EASTERN EUROPE","no2","budapest",87.8304256011482
"EASTERN EUROPE","no2","gyor-moson-sopron",82.3789201639384
"EASTERN EUROPE","no2","hu",76.5166545127301
"EASTERN EUROPE","no2","pest county",76.2084626036265
"EASTERN EUROPE","no2","greater poland voivodeship",70.3335701989097
"EASTERN EUROPE","no2","kuyavian-pomeranian voivodeship",69.1036364012055
"EASTERN EUROPE","no2","lesser poland voivodeship",73.5943934452356
"EASTERN EUROPE","no2","lower silesian voivodeship",74.0966956062948
"EASTERN EUROPE","no2","lublin voivodeship",71.5526634715004
"EASTERN EUROPE","no2","lubusz voivodeship",68.9614463975593
"EASTERN EUROPE","no2","masovian voivodeship",73.6679457225985
"EASTERN EUROPE","no2","opole voivodeship",71.0841670230696
"EASTERN EUROPE","no2","pl",70.674396448214
"EASTERN EUROPE","no2","podkarpackie voivodeship",71.5417735052094
"EASTERN EUROPE","no2","podlaskie voivodeship",70.0708436833279
"EASTERN EUROPE","no2","pomeranian voivodeship",70.6743176443891
"EASTERN EUROPE","no2","silesian voivodeship",69.5213702398945
"EASTERN EUROPE","no2","swietokrzyskie",69.9283821993338
"EASTERN EUROPE","no2","warmian-masurian voivodeship",68.8235294029629
"EASTERN EUROPE","no2","west pomeranian voivodeship",69.3929441559418
"EASTERN EUROPE","no2","rs",97.6685899966011
"EASTERN EUROPE","no2","bratislava region",83.6459148153334
"EASTERN EUROPE","no2","nitra region",80.1879873385434
"EASTERN EUROPE","no2","sk",80.8121383836978
"EASTERN EUROPE","no2","trnava region",80.566916025783
"EASTERN EUROPE","o3","ba",70.28912498019
"EASTERN EUROPE","o3","central bohemian region",58.4705537996763
"EASTERN EUROPE","o3","cz",63.1449314318029
"EASTERN EUROPE","o3","karlovy vary region",63.4226918256403
"EASTERN EUROPE","o3","liberec region",62.3228764605834
"EASTERN EUROPE","o3","moravian-silesian region",63.1907321042878
"EASTERN EUROPE","o3","olomouc region",65.9047595903817
"EASTERN EUROPE","o3","pardubice region",66.0592106343874
"EASTERN EUROPE","o3","plzen region",61.4414763674459
"EASTERN EUROPE","o3","prague",67.9271875853787
"EASTERN EUROPE","o3","south bohemian region",62.4347364668472
"EASTERN EUROPE","o3","south moravian region",62.9299124960186
"EASTERN EUROPE","o3","vysocina region",61.437865909852
"EASTERN EUROPE","o3","zlin region",64.617035749398
"EASTERN EUROPE","o3","city of zagreb",71.6467955033828
"EASTERN EUROPE","o3","krapina-zagorje county",67.0461600251305
"EASTERN EUROPE","o3","lika-senj county",64.7017933452672
"EASTERN EUROPE","o3","osijek-baranja county",71.3133714309327
"EASTERN EUROPE","o3","primorje-gorski kotar county",72.2374171528266
"EASTERN EUROPE","o3","split-dalmatia county",73.1219808184376
"EASTERN EUROPE","o3","zagreb county",71.0842742681833
"EASTERN EUROPE","o3","baranya",67.3726728678672
"EASTERN EUROPE","o3","budapest",75.0457992944146
"EASTERN EUROPE","o3","gyor-moson-sopron",69.5942938572048
"EASTERN EUROPE","o3","hu",63.7320282059964
"EASTERN EUROPE","o3","pest county",63.4238362968928
"EASTERN EUROPE","o3","greater poland voivodeship",57.548943892176
"EASTERN EUROPE","o3","kuyavian-pomeranian voivodeship",56.3190100944718
"EASTERN EUROPE","o3","lesser poland voivodeship",60.8097671385019
"EASTERN EUROPE","o3","lower silesian voivodeship",61.3120692995611
"EASTERN EUROPE","o3","lublin voivodeship",58.7680371647668
"EASTERN EUROPE","o3","lubusz voivodeship",56.1768200908257
"EASTERN EUROPE","o3","masovian voivodeship",60.8833194158648
"EASTERN EUROPE","o3","opole voivodeship",58.2995407163359
"EASTERN EUROPE","o3","pl",57.8897701414803
"EASTERN EUROPE","o3","podkarpackie voivodeship",58.7571471984758
"EASTERN EUROPE","o3","podlaskie voivodeship",57.2862173765943
"EASTERN EUROPE","o3","pomeranian voivodeship",57.8896913376554
"EASTERN EUROPE","o3","silesian voivodeship",56.7367439331608
"EASTERN EUROPE","o3","swietokrzyskie",57.1437558926002
"EASTERN EUROPE","o3","warmian-masurian voivodeship",56.0389030962293
"EASTERN EUROPE","o3","west pomeranian voivodeship",56.6083178492082
"EASTERN EUROPE","o3","rs",84.8839636898674
"EASTERN EUROPE","o3","bratislava region",70.8612885085998
"EASTERN EUROPE","o3","nitra region",67.4033610318098
"EASTERN EUROPE","o3","sk",68.0275120769642
"EASTERN EUROPE","o3","trnava region",67.7822897190494
"EASTERN EUROPE","pm25","ba",86.9857557819612
"EASTERN EUROPE","pm25","central bohemian region",75.1671846014475
"EASTERN EUROPE","pm25","cz",79.8415622335742
"EASTERN EUROPE","pm25","karlovy vary region",80.1193226274115
"EASTERN EUROPE","pm25","liberec region",79.0195072623547
"EASTERN EUROPE","pm25","moravian-silesian region",79.887362906059
"EASTERN EUROPE","pm25","olomouc region",82.6013903921529
"EASTERN EUROPE","pm25","pardubice region",82.7558414361587
"EASTERN EUROPE","pm25","plzen region",78.1381071692172
"EASTERN EUROPE","pm25","prague",84.62381838715
"EASTERN EUROPE","pm25","south bohemian region",79.1313672686184
"EASTERN EUROPE","pm25","south moravian region",79.6265432977898
"EASTERN EUROPE","pm25","vysocina region",78.1344967116232
"EASTERN EUROPE","pm25","zlin region",81.3136665511693
"EASTERN EUROPE","pm25","brod-posavina county",87.1792440601697
"EASTERN EUROPE","pm25","istria county",88.8249781798615
"EASTERN EUROPE","pm25","krapina-zagorje county",84.308534871309
"EASTERN EUROPE","pm25","osijek-baranja county",88.2590265230441
"EASTERN EUROPE","pm25","hu",80.4286590077677
"EASTERN EUROPE","pm25","greater poland voivodeship",74.2455746939473
"EASTERN EUROPE","pm25","kuyavian-pomeranian voivodeship",73.0156408962431
"EASTERN EUROPE","pm25","lesser poland voivodeship",77.5063979402732
"EASTERN EUROPE","pm25","lower silesian voivodeship",78.0087001013324
"EASTERN EUROPE","pm25","lublin voivodeship",75.464667966538
"EASTERN EUROPE","pm25","lubusz voivodeship",72.8734508925969
"EASTERN EUROPE","pm25","masovian voivodeship",77.5799502176361
"EASTERN EUROPE","pm25","opole voivodeship",74.9961715181072
"EASTERN EUROPE","pm25","pl",74.5864009432516
"EASTERN EUROPE","pm25","podkarpackie voivodeship",75.4537780002471
"EASTERN EUROPE","pm25","podlaskie voivodeship",73.9828481783655
"EASTERN EUROPE","pm25","pomeranian voivodeship",74.5863221394267
"EASTERN EUROPE","pm25","silesian voivodeship",73.4333747349321
"EASTERN EUROPE","pm25","swietokrzyskie",73.8403866943714
"EASTERN EUROPE","pm25","warmian-masurian voivodeship",72.7355338980005
"EASTERN EUROPE","pm25","west pomeranian voivodeship",73.3049486509794
"EASTERN EUROPE","pm25","rs",101.580594491639
"EASTERN EUROPE","pm25","bratislava region",87.557919310371
"EASTERN EUROPE","pm25","nitra region",84.099991833581
"EASTERN EUROPE","pm25","sk",84.7241428787354
"EASTERN EUROPE","pm25","trnava region",84.4789205208206
"EASTERN EUROPE","so2","ba",82.3223375273895
"EASTERN EUROPE","so2","central bohemian region",70.4646140548511
"EASTERN EUROPE","so2","cz",75.1781439790024
"EASTERN EUROPE","so2","karlovy vary region",75.5729824548729
"EASTERN EUROPE","so2","liberec region",74.3560890077829
"EASTERN EUROPE","so2","moravian-silesian region",75.2239446514873
"EASTERN EUROPE","so2","olomouc region",77.9041431385846
"EASTERN EUROPE","so2","pardubice region",78.0924231815869
"EASTERN EUROPE","so2","plzen region",73.4746889146454
"EASTERN EUROPE","so2","prague",79.6626115606422
"EASTERN EUROPE","so2","south bohemian region",74.4679490140467
"EASTERN EUROPE","so2","south moravian region",74.8567269648459
"EASTERN EUROPE","so2","vysocina region",73.4710784570514
"EASTERN EUROPE","so2","zlin region",76.6502482965975
"EASTERN EUROPE","so2","brod-posavina county",82.5458608343898
"EASTERN EUROPE","so2","city of zagreb",83.6800080505823
"EASTERN EUROPE","so2","krapina-zagorje county",79.493048161531
"EASTERN EUROPE","so2","lika-senj county",78.8129908443417
"EASTERN EUROPE","so2","osijek-baranja county",83.3465839781322
"EASTERN EUROPE","so2","primorje-gorski kotar county",84.2706297000261
"EASTERN EUROPE","so2","split-dalmatia county",84.9084928412733
"EASTERN EUROPE","so2","baranya",79.4058854150667
"EASTERN EUROPE","so2","budapest",87.0790118416141
"EASTERN EUROPE","so2","gyor-moson-sopron",81.6275064044042
"EASTERN EUROPE","so2","hu",75.7652407531959
"EASTERN EUROPE","so2","pest county",75.4570488440923
"EASTERN EUROPE","so2","greater poland voivodeship",69.5821564393755
"EASTERN EUROPE","so2","kuyavian-pomeranian voivodeship",68.3522226416713
"EASTERN EUROPE","so2","lesser poland voivodeship",72.8429796857014
"EASTERN EUROPE","so2","lower silesian voivodeship",73.3452818467606
"EASTERN EUROPE","so2","lublin voivodeship",70.8012497119662
"EASTERN EUROPE","so2","lubusz voivodeship",68.2100326380251
"EASTERN EUROPE","so2","masovian voivodeship",72.9165319630643
"EASTERN EUROPE","so2","opole voivodeship",70.3327532635354
"EASTERN EUROPE","so2","pl",69.9229826886798
"EASTERN EUROPE","so2","podkarpackie voivodeship",70.7903597456753
"EASTERN EUROPE","so2","podlaskie voivodeship",69.3194299237937
"EASTERN EUROPE","so2","pomeranian voivodeship",69.9229038848549
"EASTERN EUROPE","so2","silesian voivodeship",68.7699564803603
"EASTERN EUROPE","so2","swietokrzyskie",69.1769684397996
"EASTERN EUROPE","so2","warmian-masurian voivodeship",68.0721156434288
"EASTERN EUROPE","so2","west pomeranian voivodeship",68.6415303964077
"EASTERN EUROPE","so2","rs",96.9171762370669
"EASTERN EUROPE","so2","bratislava region",82.8945010557993
"EASTERN EUROPE","so2","nitra region",79.4365735790092
"EASTERN EUROPE","so2","sk",80.0607246241637
"EASTERN EUROPE","so2","trnava region",79.8155022662489
"EASTERN EUROPE","pm10","central bohemian region",70.4191656409207
"EASTERN EUROPE","pm10","cz",75.0935432730474
"EASTERN EUROPE","pm10","karlovy vary region",75.3713036668848
"EASTERN EUROPE","pm10","liberec region",74.2714883018279
"EASTERN EUROPE","pm10","moravian-silesian region",75.1393439455323
"EASTERN EUROPE","pm10","olomouc region",77.8533714316261
"EASTERN EUROPE","pm10","pardubice region",78.0078224756319
"EASTERN EUROPE","pm10","plzen region",73.3900882086904
"EASTERN EUROPE","pm10","prague",79.8757994266232
"EASTERN EUROPE","pm10","south bohemian region",74.3833483080917
"EASTERN EUROPE","pm10","south moravian region",74.8785243372631
"EASTERN EUROPE","pm10","vysocina region",73.3864777510964
"EASTERN EUROPE","pm10","zlin region",76.5656475906425
"EASTERN EUROPE","pm10","istria county",84.0769592193348
"EASTERN EUROPE","pm10","krapina-zagorje county",79.5605159107823
"EASTERN EUROPE","pm10","lika-senj county",76.6504051865117
"EASTERN EUROPE","pm10","osijek-baranja county",83.2619832721772
"EASTERN EUROPE","pm10","baranya",79.3212847091117
"EASTERN EUROPE","pm10","budapest",86.9944111356591
"EASTERN EUROPE","pm10","gyor-moson-sopron",81.5429056984492
"EASTERN EUROPE","pm10","hu",75.6806400472409
"EASTERN EUROPE","pm10","pest county",75.3724481381373
"EASTERN EUROPE","pm10","greater poland voivodeship",69.4975557334205
"EASTERN EUROPE","pm10","kuyavian-pomeranian voivodeship",68.2676219357163
"EASTERN EUROPE","pm10","lesser poland voivodeship",72.7583789797464
"EASTERN EUROPE","pm10","lower silesian voivodeship",73.2606811408056
"EASTERN EUROPE","pm10","lublin voivodeship",70.7166490060113
"EASTERN EUROPE","pm10","lubusz voivodeship",68.1254319320701
"EASTERN EUROPE","pm10","masovian voivodeship",72.8319312571093
"EASTERN EUROPE","pm10","opole voivodeship",70.2481525575804
"EASTERN EUROPE","pm10","pl",69.8383819827248
"EASTERN EUROPE","pm10","podkarpackie voivodeship",70.7057590397203
"EASTERN EUROPE","pm10","podlaskie voivodeship",69.2348292178387
"EASTERN EUROPE","pm10","pomeranian voivodeship",69.8383031788999
"EASTERN EUROPE","pm10","silesian voivodeship",68.6853557744053
"EASTERN EUROPE","pm10","swietokrzyskie",69.0923677338446
"EASTERN EUROPE","pm10","warmian-masurian voivodeship",67.9875149374738
"EASTERN EUROPE","pm10","west pomeranian voivodeship",68.5569296904527
"EASTERN EUROPE","pm10","rs",96.8325755311119
"EASTERN EUROPE","pm10","administrative unit maribor",98.8287636005294
"EASTERN EUROPE","pm10","celje",90.9695846429679
"EASTERN EUROPE","pm10","koper",92.9156364678119
"EASTERN EUROPE","pm10","ljubljana",97.8009753965241
"EASTERN EUROPE","pm10","nova gorica",92.5387732409775
"EASTERN EUROPE","pm10","trbovlje",84.32772656111
"EASTERN EUROPE","pm10","zagorje ob savi",88.7137606802334
"EASTERN EUROPE","pm10","bratislava region",82.8099003498443
"EASTERN EUROPE","pm10","nitra region",79.3519728730542
"EASTERN EUROPE","pm10","sk",79.9761239182087
"EASTERN EUROPE","pm10","trnava region",79.7309015602939
"NORTHERN AMERICA","co","alberta",105.403247834421
"NORTHERN AMERICA","co","british columbia",105.851833915206
"NORTHERN AMERICA","co","quebec",109.644955893976
"NORTHERN AMERICA","co","alaska",89.9722245283018
"NORTHERN AMERICA","co","arizona",84.8121839605589
"NORTHERN AMERICA","co","california",90.4686195856349
"NORTHERN AMERICA","co","colorado",90.9931952842195
"NORTHERN AMERICA","co","connecticut",92.4548277539766
"NORTHERN AMERICA","co","district of columbia",100.344042617179
"NORTHERN AMERICA","co","florida",88.5088182729917
"NORTHERN AMERICA","co","georgia",87.8368186956136
"NORTHERN AMERICA","co","hawaii",99.1987565754143
"NORTHERN AMERICA","co","idaho",88.3366449423899
"NORTHERN AMERICA","co","illinois",89.4472122181694
"NORTHERN AMERICA","co","indiana",88.4275753796057
"NORTHERN AMERICA","co","iowa",88.839383552109
"NORTHERN AMERICA","co","kentucky",88.3991845992619
"NORTHERN AMERICA","co","maine",88.5273681852891
"NORTHERN AMERICA","co","maryland",90.7849302463523
"NORTHERN AMERICA","co","massachusetts",94.1061502126578
"NORTHERN AMERICA","co","michigan",92.5631499009614
"NORTHERN AMERICA","co","minnesota",91.2659734325043
"NORTHERN AMERICA","co","mississippi",87.7491407162994
"NORTHERN AMERICA","co","missouri",87.0256503147402
"NORTHERN AMERICA","co","montana",90.4919561558179
"NORTHERN AMERICA","co","nebraska",87.9548972407855
"NORTHERN AMERICA","co","nevada",87.3863102010244
"NORTHERN AMERICA","co","new hampshire",88.5071857851298
"NORTHERN AMERICA","co","new jersey",95.6455194775206
"NORTHERN AMERICA","co","new mexico",85.9062814906506
"NORTHERN AMERICA","co","north carolina",87.2357264651267
"NORTHERN AMERICA","co","ohio",87.5713318540867
"NORTHERN AMERICA","co","oklahoma",85.4247082780862
"NORTHERN AMERICA","co","pennsylvania",90.689150195505
"NORTHERN AMERICA","co","rhode island",92.7930831760038
"NORTHERN AMERICA","co","tennessee",86.1424615874181
"NORTHERN AMERICA","co","utah",86.7323159810593
"NORTHERN AMERICA","co","vermont",93.5091460139632
"NORTHERN AMERICA","co","virginia",88.7111177472833
"NORTHERN AMERICA","co","wisconsin",91.1051832665996
"NORTHERN AMERICA","co","wyoming",86.7958808660848
"NORTHERN AMERICA","no2","alberta",77.6988056076356
"NORTHERN AMERICA","no2","british columbia",78.1473916884206
"NORTHERN AMERICA","no2","new brunswick",76.3039492094361
"NORTHERN AMERICA","no2","nova scotia",78.4118258453316
"NORTHERN AMERICA","no2","prince edward island",78.3270831439617
"NORTHERN AMERICA","no2","quebec",81.9405136671908
"NORTHERN AMERICA","no2","arizona",57.107741733774
"NORTHERN AMERICA","no2","california",62.7641773588499
"NORTHERN AMERICA","no2","colorado",63.2887530574345
"NORTHERN AMERICA","no2","connecticut",64.7503855271916
"NORTHERN AMERICA","no2","district of columbia",72.6396003903938
"NORTHERN AMERICA","no2","florida",60.8043760462067
"NORTHERN AMERICA","no2","georgia",60.1323764688286
"NORTHERN AMERICA","no2","hawaii",71.4943143486293
"NORTHERN AMERICA","no2","idaho",60.6322027156049
"NORTHERN AMERICA","no2","indiana",60.7231331528207
"NORTHERN AMERICA","no2","iowa",61.134941325324
"NORTHERN AMERICA","no2","kansas",60.355842473457
"NORTHERN AMERICA","no2","kentucky",60.6947423724769
"NORTHERN AMERICA","no2","maine",60.8229259585041
"NORTHERN AMERICA","no2","maryland",63.0804880195674
"NORTHERN AMERICA","no2","massachusetts",66.4017079858728
"NORTHERN AMERICA","no2","michigan",64.8587076741764
"NORTHERN AMERICA","no2","minnesota",63.5615312057193
"NORTHERN AMERICA","no2","missouri",59.3212080879552
"NORTHERN AMERICA","no2","montana",62.9042699429047
"NORTHERN AMERICA","no2","nevada",59.6818679742394
"NORTHERN AMERICA","no2","new jersey",67.9410772507356
"NORTHERN AMERICA","no2","new mexico",58.2018392638657
"NORTHERN AMERICA","no2","north carolina",59.5312842383417
"NORTHERN AMERICA","no2","north dakota",62.1077007562163
"NORTHERN AMERICA","no2","ohio",59.8668896273017
"NORTHERN AMERICA","no2","oklahoma",57.7202660513013
"NORTHERN AMERICA","no2","oregon",59.7417558098157
"NORTHERN AMERICA","no2","pennsylvania",62.98470796872
"NORTHERN AMERICA","no2","rhode island",65.3343758148885
"NORTHERN AMERICA","no2","south carolina",57.1796383041358
"NORTHERN AMERICA","no2","utah",59.0278737542744
"NORTHERN AMERICA","no2","vermont",65.8047037871782
"NORTHERN AMERICA","no2","virginia",61.0066755204983
"NORTHERN AMERICA","no2","washington",61.2502516194322
"NORTHERN AMERICA","no2","wisconsin",63.4007410398146
"NORTHERN AMERICA","no2","wyoming",59.0914386392998
"NORTHERN AMERICA","o3","alberta",96.3437494594575
"NORTHERN AMERICA","o3","british columbia",96.7923355402425
"NORTHERN AMERICA","o3","new brunswick",94.948893061258
"NORTHERN AMERICA","o3","newfoundland and labrador",94.9434775009191
"NORTHERN AMERICA","o3","northwest territories",95.1028769800703
"NORTHERN AMERICA","o3","nova scotia",97.0567696971535
"NORTHERN AMERICA","o3","ontario",99.0213393284561
"NORTHERN AMERICA","o3","prince edward island",97.0172704464586
"NORTHERN AMERICA","o3","quebec",100.585457519013
"NORTHERN AMERICA","o3","saskatchewan",94.0949813685229
"NORTHERN AMERICA","o3","alabama",77.4770707967781
"NORTHERN AMERICA","o3","alaska",80.9127261533386
"NORTHERN AMERICA","o3","arizona",75.7526855855958
"NORTHERN AMERICA","o3","arkansas",77.3763010320708
"NORTHERN AMERICA","o3","california",81.4091212106717
"NORTHERN AMERICA","o3","colorado",81.9336969092564
"NORTHERN AMERICA","o3","connecticut",83.3953293790135
"NORTHERN AMERICA","o3","delaware",81.7795262258706
"NORTHERN AMERICA","o3","district of columbia",91.2845442422157
"NORTHERN AMERICA","o3","florida",79.4493198980286
"NORTHERN AMERICA","o3","georgia",78.7773203206505
"NORTHERN AMERICA","o3","hawaii",90.1392582004512
"NORTHERN AMERICA","o3","idaho",79.2771465674267
"NORTHERN AMERICA","o3","illinois",80.3877138432062
"NORTHERN AMERICA","o3","indiana",79.3680770046425
"NORTHERN AMERICA","o3","iowa",79.7798851771458
"NORTHERN AMERICA","o3","kansas",79.0007863252788
"NORTHERN AMERICA","o3","kentucky",79.3396862242988
"NORTHERN AMERICA","o3","louisiana",79.1406716999609
"NORTHERN AMERICA","o3","maine",79.467869810326
"NORTHERN AMERICA","o3","maryland",81.7254318713892
"NORTHERN AMERICA","o3","massachusetts",85.0466518376947
"NORTHERN AMERICA","o3","michigan",83.5036515259983
"NORTHERN AMERICA","o3","minnesota",82.2064750575412
"NORTHERN AMERICA","o3","mississippi",78.6896423413362
"NORTHERN AMERICA","o3","missouri",77.9661519397771
"NORTHERN AMERICA","o3","montana",81.3953511331904
"NORTHERN AMERICA","o3","nebraska",78.8953988658224
"NORTHERN AMERICA","o3","nevada",78.3268118260612
"NORTHERN AMERICA","o3","new hampshire",79.4476874101667
"NORTHERN AMERICA","o3","new jersey",86.5860211025574
"NORTHERN AMERICA","o3","new mexico",76.8467831156875
"NORTHERN AMERICA","o3","new york",81.9791099543194
"NORTHERN AMERICA","o3","north carolina",78.1762280901636
"NORTHERN AMERICA","o3","north dakota",80.7526446080381
"NORTHERN AMERICA","o3","ohio",78.5118334791235
"NORTHERN AMERICA","o3","oklahoma",76.3652099031231
"NORTHERN AMERICA","o3","oregon",78.3866996616376
"NORTHERN AMERICA","o3","pennsylvania",81.6296518205419
"NORTHERN AMERICA","o3","rhode island",83.9793196667103
"NORTHERN AMERICA","o3","south carolina",75.8245821559576
"NORTHERN AMERICA","o3","south dakota",80.3802220732172
"NORTHERN AMERICA","o3","tennessee",77.2105651949828
"NORTHERN AMERICA","o3","texas",78.0442476915357
"NORTHERN AMERICA","o3","utah",77.6728176060962
"NORTHERN AMERICA","o3","vermont",84.449647639
"NORTHERN AMERICA","o3","virginia",79.6516193723202
"NORTHERN AMERICA","o3","washington",79.895195471254
"NORTHERN AMERICA","o3","west virginia",80.5457584494323
"NORTHERN AMERICA","o3","wisconsin",82.0456848916364
"NORTHERN AMERICA","o3","wyoming",77.7363824911217
"NORTHERN AMERICA","pm10","british columbia",76.556540981852
"NORTHERN AMERICA","pm10","alabama",57.2412762383876
"NORTHERN AMERICA","pm10","alaska",60.6769315949481
"NORTHERN AMERICA","pm10","arizona",55.5168910272053
"NORTHERN AMERICA","pm10","california",61.1733266522812
"NORTHERN AMERICA","pm10","colorado",61.6979023508659
"NORTHERN AMERICA","pm10","connecticut",63.159534820623
"NORTHERN AMERICA","pm10","district of columbia",71.0487496838252
"NORTHERN AMERICA","pm10","florida",59.2135253396381
"NORTHERN AMERICA","pm10","georgia",58.54152576226
"NORTHERN AMERICA","pm10","hawaii",69.9034636420607
"NORTHERN AMERICA","pm10","idaho",59.0413520090362
"NORTHERN AMERICA","pm10","indiana",59.1322824462521
"NORTHERN AMERICA","pm10","kansas",58.7649917668884
"NORTHERN AMERICA","pm10","kentucky",59.1038916659083
"NORTHERN AMERICA","pm10","michigan",63.2678569676078
"NORTHERN AMERICA","pm10","minnesota",61.9706804991507
"NORTHERN AMERICA","pm10","missouri",57.7303573813866
"NORTHERN AMERICA","pm10","montana",61.1595565747999
"NORTHERN AMERICA","pm10","nevada",58.0910172676707
"NORTHERN AMERICA","pm10","new hampshire",59.2118928517762
"NORTHERN AMERICA","pm10","new mexico",56.610988557297
"NORTHERN AMERICA","pm10","new york",61.743315395929
"NORTHERN AMERICA","pm10","north carolina",57.9404335317731
"NORTHERN AMERICA","pm10","north dakota",60.5168500496476
"NORTHERN AMERICA","pm10","ohio",58.2760389207331
"NORTHERN AMERICA","pm10","oklahoma",56.1294153447326
"NORTHERN AMERICA","pm10","oregon",58.1509051032471
"NORTHERN AMERICA","pm10","pennsylvania",61.3938572621514
"NORTHERN AMERICA","pm10","south carolina",55.5887875975671
"NORTHERN AMERICA","pm10","south dakota",60.1444275148267
"NORTHERN AMERICA","pm10","texas",57.8084531331452
"NORTHERN AMERICA","pm10","us",59.2568956712487
"NORTHERN AMERICA","pm10","washington",59.6594009128635
"NORTHERN AMERICA","pm10","wisconsin",61.809890333246
"NORTHERN AMERICA","pm10","wyoming",57.5005879327312
"NORTHERN AMERICA","pm25","alberta",97.1335374256635
"NORTHERN AMERICA","pm25","british columbia",97.5821235064485
"NORTHERN AMERICA","pm25","new brunswick",95.738681027464
"NORTHERN AMERICA","pm25","newfoundland and labrador",95.7332654671251
"NORTHERN AMERICA","pm25","nova scotia",97.8465576633595
"NORTHERN AMERICA","pm25","ontario",99.8111272946621
"NORTHERN AMERICA","pm25","prince edward island",97.8070584126646
"NORTHERN AMERICA","pm25","quebec",101.375245485219
"NORTHERN AMERICA","pm25","saskatchewan",94.8847693347289
"NORTHERN AMERICA","pm25","alabama",78.2668587629841
"NORTHERN AMERICA","pm25","alaska",81.7025141195447
"NORTHERN AMERICA","pm25","arizona",76.5424735518018
"NORTHERN AMERICA","pm25","arkansas",78.1660889982768
"NORTHERN AMERICA","pm25","california",82.1989091768778
"NORTHERN AMERICA","pm25","colorado",82.7234848754624
"NORTHERN AMERICA","pm25","connecticut",84.1851173452195
"NORTHERN AMERICA","pm25","delaware",82.5693141920767
"NORTHERN AMERICA","pm25","district of columbia",92.0743322084217
"NORTHERN AMERICA","pm25","florida",80.2391078642346
"NORTHERN AMERICA","pm25","georgia",79.5671082868565
"NORTHERN AMERICA","pm25","hawaii",90.9290461666572
"NORTHERN AMERICA","pm25","idaho",80.0669345336327
"NORTHERN AMERICA","pm25","illinois",81.1775018094122
"NORTHERN AMERICA","pm25","indiana",80.1578649708486
"NORTHERN AMERICA","pm25","iowa",80.5696731433518
"NORTHERN AMERICA","pm25","kansas",79.7905742914849
"NORTHERN AMERICA","pm25","kentucky",80.1294741905048
"NORTHERN AMERICA","pm25","louisiana",79.9304596661669
"NORTHERN AMERICA","pm25","maine",80.257657776532
"NORTHERN AMERICA","pm25","maryland",82.5152198375952
"NORTHERN AMERICA","pm25","massachusetts",85.8364398039007
"NORTHERN AMERICA","pm25","michigan",84.2934394922043
"NORTHERN AMERICA","pm25","minnesota",82.9962630237472
"NORTHERN AMERICA","pm25","mississippi",79.4794303075422
"NORTHERN AMERICA","pm25","missouri",78.7559399059831
"NORTHERN AMERICA","pm25","montana",82.1851390993964
"NORTHERN AMERICA","pm25","nebraska",79.6851868320284
"NORTHERN AMERICA","pm25","nevada",79.1165997922673
"NORTHERN AMERICA","pm25","new hampshire",80.2374753763727
"NORTHERN AMERICA","pm25","new jersey",87.3758090687634
"NORTHERN AMERICA","pm25","new mexico",77.6365710818935
"NORTHERN AMERICA","pm25","new york",82.7688979205255
"NORTHERN AMERICA","pm25","north carolina",78.9660160563696
"NORTHERN AMERICA","pm25","north dakota",81.5424325742441
"NORTHERN AMERICA","pm25","ohio",79.3016214453296
"NORTHERN AMERICA","pm25","oklahoma",77.1549978693291
"NORTHERN AMERICA","pm25","oregon",79.1764876278436
"NORTHERN AMERICA","pm25","pennsylvania",82.4194397867479
"NORTHERN AMERICA","pm25","rhode island",84.7691076329163
"NORTHERN AMERICA","pm25","south carolina",76.6143701221636
"NORTHERN AMERICA","pm25","south dakota",81.1700100394232
"NORTHERN AMERICA","pm25","tennessee",78.0003531611889
"NORTHERN AMERICA","pm25","texas",78.8340356577417
"NORTHERN AMERICA","pm25","us",80.2824781958452
"NORTHERN AMERICA","pm25","utah",78.4626055723022
"NORTHERN AMERICA","pm25","vermont",85.2394356052061
"NORTHERN AMERICA","pm25","virginia",80.4414073385262
"NORTHERN AMERICA","pm25","washington",80.68498343746
"NORTHERN AMERICA","pm25","wisconsin",82.8354728578425
"NORTHERN AMERICA","pm25","wyoming",78.5261704573277
"NORTHERN AMERICA","so2","alberta",81.1064312789546
"NORTHERN AMERICA","so2","british columbia",81.5550173597395
"NORTHERN AMERICA","so2","nova scotia",80.2979548714461
"NORTHERN AMERICA","so2","alaska",66.0447523488172
"NORTHERN AMERICA","so2","arizona",60.5153674050929
"NORTHERN AMERICA","so2","california",66.1718030301688
"NORTHERN AMERICA","so2","delaware",65.9945493973518
"NORTHERN AMERICA","so2","district of columbia",76.0393070055858
"NORTHERN AMERICA","so2","florida",64.2120017175257
"NORTHERN AMERICA","so2","georgia",63.5400021401475
"NORTHERN AMERICA","so2","hawaii",74.9019400199482
"NORTHERN AMERICA","so2","idaho",64.0398283869238
"NORTHERN AMERICA","so2","illinois",65.2095235090642
"NORTHERN AMERICA","so2","indiana",64.1307588241396
"NORTHERN AMERICA","so2","iowa",64.3720169330338
"NORTHERN AMERICA","so2","kansas",63.7634681447759
"NORTHERN AMERICA","so2","kentucky",64.1023680437959
"NORTHERN AMERICA","so2","maryland",66.4881136908863
"NORTHERN AMERICA","so2","massachusetts",69.8093336571917
"NORTHERN AMERICA","so2","michigan",68.2663333454953
"NORTHERN AMERICA","so2","minnesota",66.9691568770383
"NORTHERN AMERICA","so2","missouri",62.7288337592741
"NORTHERN AMERICA","so2","nevada",62.8803376746747
"NORTHERN AMERICA","so2","new hampshire",64.2103692296637
"NORTHERN AMERICA","so2","new mexico",61.6094649351846
"NORTHERN AMERICA","so2","north carolina",62.9389099096606
"NORTHERN AMERICA","so2","ohio",63.2745152986206
"NORTHERN AMERICA","so2","oklahoma",61.0021493663805
"NORTHERN AMERICA","so2","pennsylvania",66.3923336400389
"NORTHERN AMERICA","so2","south carolina",60.2175246333764
"NORTHERN AMERICA","so2","tennessee",61.9732470144799
"NORTHERN AMERICA","so2","utah",62.4354994255933
"NORTHERN AMERICA","so2","virginia",64.4143011918172
"NORTHERN AMERICA","so2","west virginia",65.3084402689294
"NORTHERN AMERICA","so2","wisconsin",66.7506000197089
"LATIN AMER. & CARIB","co","antofagasta",209.239985272344
"LATIN AMER. & CARIB","co","araucania",214.905736952385
"LATIN AMER. & CARIB","co","bio bio",209.029197312623
"LATIN AMER. & CARIB","co","cl",211.166445037124
"LATIN AMER. & CARIB","co","santiago metropolitan region",211.449855068597
"LATIN AMER. & CARIB","co","antioquia",231.673895612714
"LATIN AMER. & CARIB","co","metropolitan municipality of lima",257.881332982425
"LATIN AMER. & CARIB","no2","antofagasta",56.7503651622937
"LATIN AMER. & CARIB","no2","atacama",58.7516679953449
"LATIN AMER. & CARIB","no2","bio bio",56.7234833518204
"LATIN AMER. & CARIB","no2","cl",58.8607310763214
"LATIN AMER. & CARIB","no2","santiago metropolitan region",59.1441411077941
"LATIN AMER. & CARIB","no2","antioquia",80.2087376886522
"LATIN AMER. & CARIB","no2","metropolitan municipality of lima",105.575619021623
"LATIN AMER. & CARIB","o3","antofagasta",38.9265917101482
"LATIN AMER. & CARIB","o3","atacama",40.7439883939516
"LATIN AMER. & CARIB","o3","bio bio",38.7158037504272
"LATIN AMER. & CARIB","o3","cl",40.8530514749282
"LATIN AMER. & CARIB","o3","santiago metropolitan region",41.1364615064008
"LATIN AMER. & CARIB","o3","antioquia",62.2010580872589
"LATIN AMER. & CARIB","o3","metropolitan municipality of lima",87.5679394202293
"LATIN AMER. & CARIB","pm10","antofagasta",62.9852541293425
"LATIN AMER. & CARIB","pm10","araucania",68.6510058093831
"LATIN AMER. & CARIB","pm10","atacama",64.802650813146
"LATIN AMER. & CARIB","pm10","bio bio",62.7744661696215
"LATIN AMER. & CARIB","pm10","cl",64.9117138941225
"LATIN AMER. & CARIB","pm10","coquimbo",64.7509957544074
"LATIN AMER. & CARIB","pm10","los lagos",64.2674294036437
"LATIN AMER. & CARIB","pm10","maule",63.889821753736
"LATIN AMER. & CARIB","pm10","santiago metropolitan region",65.1951239255952
"LATIN AMER. & CARIB","pm10","antioquia",86.2597205064532
"LATIN AMER. & CARIB","pm10","metropolitan municipality of lima",111.626601839424
"LATIN AMER. & CARIB","pm25","antofagasta",70.6734182888153
"LATIN AMER. & CARIB","pm25","araucania",76.3391699688559
"LATIN AMER. & CARIB","pm25","atacama",72.4908149726188
"LATIN AMER. & CARIB","pm25","bio bio",70.4626303290943
"LATIN AMER. & CARIB","pm25","cl",72.5998780535953
"LATIN AMER. & CARIB","pm25","coquimbo",72.4391599138802
"LATIN AMER. & CARIB","pm25","los lagos",71.9555935631165
"LATIN AMER. & CARIB","pm25","magallanes and chilean antarctica",76.6540193093819
"LATIN AMER. & CARIB","pm25","maule",71.5779859132087
"LATIN AMER. & CARIB","pm25","santiago metropolitan region",72.8832880850679
"LATIN AMER. & CARIB","pm25","antioquia",93.947884665926
"LATIN AMER. & CARIB","pm25","bogota",92.7614581767382
"LATIN AMER. & CARIB","pm25","cr",81.1301783872994
"LATIN AMER. & CARIB","pm25","metropolitan municipality of lima",119.314765998896
"LATIN AMER. & CARIB","so2","antofagasta",54.3699038288603
"LATIN AMER. & CARIB","so2","atacama",56.1873005126637
"LATIN AMER. & CARIB","so2","bio bio",54.1591158691392
"LATIN AMER. & CARIB","so2","cl",56.2963635936402
"LATIN AMER. & CARIB","so2","santiago metropolitan region",56.5797736251129
"LATIN AMER. & CARIB","so2","antioquia",77.644370205971
"LATIN AMER. & CARIB","so2","metropolitan municipality of lima",103.011251538941
"WESTERN EUROPE","co","region of southern denmark",169.637256343644
"WESTERN EUROPE","co","region zealand",168.546805094838
"WESTERN EUROPE","co","andalusia",161.442824209985
"WESTERN EUROPE","co","aragon",159.849160797207
"WESTERN EUROPE","co","asturias",158.917814828659
"WESTERN EUROPE","co","balearic islands",162.021574626617
"WESTERN EUROPE","co","basque country",162.324899968939
"WESTERN EUROPE","co","cantabria",161.76272021617
"WESTERN EUROPE","co","castile-la mancha",159.137418305288
"WESTERN EUROPE","co","catalonia",159.314402733711
"WESTERN EUROPE","co","community of madrid",162.324291727211
"WESTERN EUROPE","co","es",160.284467293822
"WESTERN EUROPE","co","extremadura",159.457640338799
"WESTERN EUROPE","co","galicia",157.657670687076
"WESTERN EUROPE","co","la rioja",159.274065424763
"WESTERN EUROPE","co","navarre",154.879689939652
"WESTERN EUROPE","co","region of murcia",157.146826247313
"WESTERN EUROPE","co","valencian community",160.682791402026
"WESTERN EUROPE","co","centre-val de loire",160.678734310285
"WESTERN EUROPE","co","fr",161.953087983477
"WESTERN EUROPE","co","grand est",161.050564608244
"WESTERN EUROPE","co","hauts-de-france",164.123561824822
"WESTERN EUROPE","co","pays de la loire",161.59498648145
"WESTERN EUROPE","co","county cork",159.524927599353
"WESTERN EUROPE","co","county dublin",164.19857662359
"WESTERN EUROPE","co","emilia-romagna",157.965585063036
"WESTERN EUROPE","co","lazio",161.990358087521
"WESTERN EUROPE","co","lu",168.313087983477
"WESTERN EUROPE","co","north holland",170.000239209962
"WESTERN EUROPE","co","oslo",161.899852030228
"WESTERN EUROPE","co","aveiro district",141.621438257585
"WESTERN EUROPE","co","faro district",143.819969627024
"WESTERN EUROPE","co","lisbon",140.334581219569
"WESTERN EUROPE","co","porto district",139.109260945529
"WESTERN EUROPE","co","setubal",139.506550287917
"WESTERN EUROPE","no2","central denmark region",74.8831972317988
"WESTERN EUROPE","no2","north denmark region",71.0382323664114
"WESTERN EUROPE","no2","region of southern denmark",74.1329564605742
"WESTERN EUROPE","no2","region zealand",73.0425052117676
"WESTERN EUROPE","no2","andalusia",66.9637456611179
"WESTERN EUROPE","no2","aragon",64.3448609141374
"WESTERN EUROPE","no2","asturias",63.4135149455887
"WESTERN EUROPE","no2","balearic islands",66.5000973490693
"WESTERN EUROPE","no2","basque country",66.8206000858686
"WESTERN EUROPE","no2","canary islands",65.9789126700874
"WESTERN EUROPE","no2","cantabria",66.2584203330996
"WESTERN EUROPE","no2","castile-la mancha",67.0294403993258
"WESTERN EUROPE","no2","catalonia",66.9386778651176
"WESTERN EUROPE","no2","community of madrid",66.819991844141
"WESTERN EUROPE","no2","es",65.0420139068588
"WESTERN EUROPE","no2","extremadura",63.9533404557285
"WESTERN EUROPE","no2","galicia",62.153370804006
"WESTERN EUROPE","no2","la rioja",63.4234093624948
"WESTERN EUROPE","no2","navarre",58.9082626974709
"WESTERN EUROPE","no2","region of murcia",61.9972948900488
"WESTERN EUROPE","no2","valencian community",65.1784915189561
"WESTERN EUROPE","no2","central finland",55.4352884761131
"WESTERN EUROPE","no2","kymenlaakso",53.9331581616029
"WESTERN EUROPE","no2","lapland",57.4523375117051
"WESTERN EUROPE","no2","northern ostrobothnia",54.3191824880015
"WESTERN EUROPE","no2","northern savonia",53.156985805914
"WESTERN EUROPE","no2","ostrobothnia",51.876728882256
"WESTERN EUROPE","no2","pirkanmaa",54.8883598847242
"WESTERN EUROPE","no2","south karelia",54.050727413147
"WESTERN EUROPE","no2","southwest finland",52.3953478590326
"WESTERN EUROPE","no2","uusimaa",56.7675375196397
"WESTERN EUROPE","no2","brittany",63.7973796369057
"WESTERN EUROPE","no2","centre-val de loire",65.1744344272154
"WESTERN EUROPE","no2","corsica",65.5207124926685
"WESTERN EUROPE","no2","fr",66.4487881004072
"WESTERN EUROPE","no2","grand est",65.5462647251737
"WESTERN EUROPE","no2","hauts-de-france",68.6192619417521
"WESTERN EUROPE","no2","normandy",66.0016889278013
"WESTERN EUROPE","no2","nouvelle-aquitaine",65.2140241958172
"WESTERN EUROPE","no2","occitanie",66.8649108084168
"WESTERN EUROPE","no2","pays de la loire",66.0906865983794
"WESTERN EUROPE","no2","gb",55.9474977778265
"WESTERN EUROPE","no2","county cork",64.0206277162829
"WESTERN EUROPE","no2","county dublin",68.6942767405195
"WESTERN EUROPE","no2","emilia-romagna",62.4612851799657
"WESTERN EUROPE","no2","lazio",66.486058204451
"WESTERN EUROPE","no2","lu",72.8087881004072
"WESTERN EUROPE","no2","drenthe",66.2865875365922
"WESTERN EUROPE","no2","flevoland",70.8006210925386
"WESTERN EUROPE","no2","friesland",65.3104657940784
"WESTERN EUROPE","no2","gelderland",69.4815528456658
"WESTERN EUROPE","no2","groningen",71.75987500436
"WESTERN EUROPE","no2","limburg",70.5153781731792
"WESTERN EUROPE","no2","north brabant",71.9194876826553
"WESTERN EUROPE","no2","north holland",75.0905895678811
"WESTERN EUROPE","no2","overijssel",71.586156177607
"WESTERN EUROPE","no2","south holland",71.3043366240633
"WESTERN EUROPE","no2","utrecht",72.8552824723623
"WESTERN EUROPE","no2","zeeland",67.4764145564837
"WESTERN EUROPE","no2","agder",51.475462720756
"WESTERN EUROPE","no2","innlandet",55.1209457486899
"WESTERN EUROPE","no2","no",58.5465300358911
"WESTERN EUROPE","no2","oslo",66.4167713660368
"WESTERN EUROPE","no2","rogaland",59.2697612238216
"WESTERN EUROPE","no2","troms og finnmark",60.6096118965938
"WESTERN EUROPE","no2","vestfold og telemark",55.1117435594246
"WESTERN EUROPE","no2","vestland",59.5135768550155
"WESTERN EUROPE","no2","viken",61.5612086286637
"WESTERN EUROPE","no2","aveiro district",45.807710542635
"WESTERN EUROPE","no2","braga",44.7179353172532
"WESTERN EUROPE","no2","castelo branco district",47.5141626084442
"WESTERN EUROPE","no2","faro district",47.6108364277836
"WESTERN EUROPE","no2","leiria district",45.1106241672037
"WESTERN EUROPE","no2","lisbon",44.8302813364994
"WESTERN EUROPE","no2","porto district",43.6049610624585
"WESTERN EUROPE","no2","pt",44.5391106810524
"WESTERN EUROPE","no2","setubal",44.0022504048464
"WESTERN EUROPE","no2","viana do castelo district",41.4163301050748
"WESTERN EUROPE","no2","viseu district",43.7811458860594
"WESTERN EUROPE","o3","central denmark region",83.9601409753895
"WESTERN EUROPE","o3","north denmark region",80.1151761100022
"WESTERN EUROPE","o3","region of southern denmark",83.209900204165
"WESTERN EUROPE","o3","region zealand",82.1194489553584
"WESTERN EUROPE","o3","andalusia",76.0406894047087
"WESTERN EUROPE","o3","aragon",73.4218046577281
"WESTERN EUROPE","o3","asturias",72.4904586891794
"WESTERN EUROPE","o3","balearic islands",75.5770410926601
"WESTERN EUROPE","o3","basque country",75.8975438294594
"WESTERN EUROPE","o3","canary islands",75.0558564136782
"WESTERN EUROPE","o3","cantabria",75.3353640766903
"WESTERN EUROPE","o3","castile-la mancha",76.1063841429165
"WESTERN EUROPE","o3","catalonia",76.0156216087084
"WESTERN EUROPE","o3","community of madrid",75.8969355877318
"WESTERN EUROPE","o3","es",74.1189576504496
"WESTERN EUROPE","o3","extremadura",73.0302841993193
"WESTERN EUROPE","o3","galicia",71.2303145475968
"WESTERN EUROPE","o3","la rioja",72.846709285284
"WESTERN EUROPE","o3","navarre",67.9852064410616
"WESTERN EUROPE","o3","region of murcia",71.0742386336395
"WESTERN EUROPE","o3","valencian community",74.2554352625469
"WESTERN EUROPE","o3","kymenlaakso",63.0101019051937
"WESTERN EUROPE","o3","lapland",66.5292812552959
"WESTERN EUROPE","o3","northern ostrobothnia",63.3961262315922
"WESTERN EUROPE","o3","pirkanmaa",63.965303628315
"WESTERN EUROPE","o3","southwest finland",61.4722916026234
"WESTERN EUROPE","o3","uusimaa",65.8444812632304
"WESTERN EUROPE","o3","brittany",72.8743233804965
"WESTERN EUROPE","o3","centre-val de loire",74.2513781708061
"WESTERN EUROPE","o3","corsica",74.5976562362592
"WESTERN EUROPE","o3","fr",75.525731843998
"WESTERN EUROPE","o3","grand est",74.6232084687645
"WESTERN EUROPE","o3","hauts-de-france",77.6962056853429
"WESTERN EUROPE","o3","normandy",75.078632671392
"WESTERN EUROPE","o3","nouvelle-aquitaine",74.2909679394079
"WESTERN EUROPE","o3","occitanie",75.9418545520075
"WESTERN EUROPE","o3","pays de la loire",75.1676303419702
"WESTERN EUROPE","o3","gb",65.0244415214173
"WESTERN EUROPE","o3","county cork",69.4741152172518
"WESTERN EUROPE","o3","county dublin",77.7712204841103
"WESTERN EUROPE","o3","county galway",68.6207317834766
"WESTERN EUROPE","o3","county kerry",74.9395366894885
"WESTERN EUROPE","o3","county mayo",74.1774470166753
"WESTERN EUROPE","o3","ie",72.4860544246431
"WESTERN EUROPE","o3","emilia-romagna",71.5382289235565
"WESTERN EUROPE","o3","lazio",75.5630019480417
"WESTERN EUROPE","o3","lu",81.885731843998
"WESTERN EUROPE","o3","drenthe",75.3635312801829
"WESTERN EUROPE","o3","flevoland",79.8775648361294
"WESTERN EUROPE","o3","friesland",74.3874095376692
"WESTERN EUROPE","o3","gelderland",78.5584965892566
"WESTERN EUROPE","o3","groningen",80.8368187479508
"WESTERN EUROPE","o3","limburg",79.5923219167699
"WESTERN EUROPE","o3","north brabant",80.9964314262461
"WESTERN EUROPE","o3","north holland",84.1675333114718
"WESTERN EUROPE","o3","overijssel",80.6630999211978
"WESTERN EUROPE","o3","south holland",80.3812803676541
"WESTERN EUROPE","o3","utrecht",81.9322262159531
"WESTERN EUROPE","o3","zeeland",76.5533583000745
"WESTERN EUROPE","o3","agder",60.5524064643467
"WESTERN EUROPE","o3","no",67.6234737794818
"WESTERN EUROPE","o3","nordland",67.3418196739366
"WESTERN EUROPE","o3","oslo",75.4937151096275
"WESTERN EUROPE","o3","rogaland",68.3467049674124
"WESTERN EUROPE","o3","vestfold og telemark",64.1886873030154
"WESTERN EUROPE","o3","vestland",68.5905205986063
"WESTERN EUROPE","o3","viken",70.6381523722545
"WESTERN EUROPE","o3","aveiro district",54.8846542862257
"WESTERN EUROPE","o3","braga",53.794879060844
"WESTERN EUROPE","o3","castelo branco district",56.5911063520349
"WESTERN EUROPE","o3","faro district",56.6877801713743
"WESTERN EUROPE","o3","leiria district",54.1875679107945
"WESTERN EUROPE","o3","lisbon",53.9072250800901
"WESTERN EUROPE","o3","porto district",52.6819048060493
"WESTERN EUROPE","o3","pt",53.6160544246431
"WESTERN EUROPE","o3","setubal",53.0791941484372
"WESTERN EUROPE","o3","viana do castelo district",50.3062558386153
"WESTERN EUROPE","o3","viseu district",52.8580896296502
"WESTERN EUROPE","pm10","asturias",60.46066671004
"WESTERN EUROPE","pm10","balearic islands",63.5188322837932
"WESTERN EUROPE","pm10","basque country",63.8677518503199
"WESTERN EUROPE","pm10","canary islands",62.7025641059732
"WESTERN EUROPE","pm10","cantabria",63.3055720975509
"WESTERN EUROPE","pm10","castile-la mancha",60.6802701866692
"WESTERN EUROPE","pm10","catalonia",61.2605221374468
"WESTERN EUROPE","pm10","community of madrid",63.8671436085923
"WESTERN EUROPE","pm10","es",62.0891656713101
"WESTERN EUROPE","pm10","galicia",59.2005225684573
"WESTERN EUROPE","pm10","navarre",55.9554144619222
"WESTERN EUROPE","pm10","region of murcia",59.0444466545001
"WESTERN EUROPE","pm10","valencian community",62.5707298613302
"WESTERN EUROPE","pm10","central finland",52.4824402405644
"WESTERN EUROPE","pm10","kymenlaakso",50.9803099260542
"WESTERN EUROPE","pm10","northern ostrobothnia",51.3663342524528
"WESTERN EUROPE","pm10","northern savonia",50.2041375703653
"WESTERN EUROPE","pm10","ostrobothnia",48.9238806467073
"WESTERN EUROPE","pm10","pirkanmaa",51.9355116491755
"WESTERN EUROPE","pm10","satakunta",44.8931235573077
"WESTERN EUROPE","pm10","south karelia",51.0978791775983
"WESTERN EUROPE","pm10","uusimaa",53.814689284091
"WESTERN EUROPE","pm10","brittany",60.844531401357
"WESTERN EUROPE","pm10","centre-val de loire",62.2215861916667
"WESTERN EUROPE","pm10","corsica",62.5678642571198
"WESTERN EUROPE","pm10","fr",63.4959398648585
"WESTERN EUROPE","pm10","grand est",62.593416489625
"WESTERN EUROPE","pm10","hauts-de-france",65.6664137062034
"WESTERN EUROPE","pm10","normandy",63.0488406922526
"WESTERN EUROPE","pm10","nouvelle-aquitaine",62.2611759602685
"WESTERN EUROPE","pm10","occitanie",63.9120625728681
"WESTERN EUROPE","pm10","pays de la loire",63.1378383628307
"WESTERN EUROPE","pm10","gb",52.9946495422779
"WESTERN EUROPE","pm10","county cork",61.0677794807342
"WESTERN EUROPE","pm10","county dublin",65.7414285049708
"WESTERN EUROPE","pm10","county mayo",64.7371839952193
"WESTERN EUROPE","pm10","county wexford",56.0978569936203
"WESTERN EUROPE","pm10","emilia-romagna",59.5084369444171
"WESTERN EUROPE","pm10","lu",69.8559398648585
"WESTERN EUROPE","pm10","drenthe",63.3337393010435
"WESTERN EUROPE","pm10","flevoland",67.8477728569899
"WESTERN EUROPE","pm10","friesland",62.3576175585297
"WESTERN EUROPE","pm10","gelderland",66.5287046101171
"WESTERN EUROPE","pm10","groningen",68.8070267688113
"WESTERN EUROPE","pm10","limburg",67.5625299376305
"WESTERN EUROPE","pm10","north brabant",68.9666394471066
"WESTERN EUROPE","pm10","north holland",72.1377413323324
"WESTERN EUROPE","pm10","overijssel",68.6333079420583
"WESTERN EUROPE","pm10","south holland",68.3514883885146
"WESTERN EUROPE","pm10","utrecht",69.9024342368136
"WESTERN EUROPE","pm10","zeeland",64.523566320935
"WESTERN EUROPE","pm10","agder",48.5226144852073
"WESTERN EUROPE","pm10","innlandet",52.1680975131412
"WESTERN EUROPE","pm10","no",55.5936818003424
"WESTERN EUROPE","pm10","nordland",55.3120276947972
"WESTERN EUROPE","pm10","oslo",63.4639231304881
"WESTERN EUROPE","pm10","rogaland",56.3169129882729
"WESTERN EUROPE","pm10","troms og finnmark",57.6567636610451
"WESTERN EUROPE","pm10","vestfold og telemark",52.1588953238759
"WESTERN EUROPE","pm10","vestland",56.5607286194668
"WESTERN EUROPE","pm10","viken",58.608360393115
"WESTERN EUROPE","pm10","aveiro district",42.8548623070863
"WESTERN EUROPE","pm10","braga",41.7650870817045
"WESTERN EUROPE","pm10","castelo branco district",44.5613143728955
"WESTERN EUROPE","pm10","faro district",44.6579881922349
"WESTERN EUROPE","pm10","leiria district",38.0295316128514
"WESTERN EUROPE","pm10","porto district",40.6521128269098
"WESTERN EUROPE","pm10","pt",41.5862624455037
"WESTERN EUROPE","pm10","setubal",41.0494021692977
"WESTERN EUROPE","pm10","viseu district",40.8282976505107
"WESTERN EUROPE","pm25","basque country",56.2413710610771
"WESTERN EUROPE","pm25","canary islands",52.8715770030615
"WESTERN EUROPE","pm25","castile-la mancha",52.5325200116757
"WESTERN EUROPE","pm25","community of madrid",56.2407628193495
"WESTERN EUROPE","pm25","es",53.9002998163564
"WESTERN EUROPE","pm25","galicia",51.5741417792145
"WESTERN EUROPE","pm25","la rioja",52.820612680269
"WESTERN EUROPE","pm25","valencian community",54.9443490720873
"WESTERN EUROPE","pm25","kymenlaakso",43.3539291368114
"WESTERN EUROPE","pm25","northern ostrobothnia",43.73995346321
"WESTERN EUROPE","pm25","pirkanmaa",44.3091308599327
"WESTERN EUROPE","pm25","south karelia",43.4714983883555
"WESTERN EUROPE","pm25","southwest finland",41.8161188342411
"WESTERN EUROPE","pm25","uusimaa",46.1883084948481
"WESTERN EUROPE","pm25","brittany",53.2181506121142
"WESTERN EUROPE","pm25","centre-val de loire",54.5952054024239
"WESTERN EUROPE","pm25","corsica",54.9414834678769
"WESTERN EUROPE","pm25","fr",55.8695590756157
"WESTERN EUROPE","pm25","grand est",54.9670357003822
"WESTERN EUROPE","pm25","hauts-de-france",58.0400329169606
"WESTERN EUROPE","pm25","normandy",55.4224599030098
"WESTERN EUROPE","pm25","nouvelle-aquitaine",54.6347951710257
"WESTERN EUROPE","pm25","occitanie",56.2856817836253
"WESTERN EUROPE","pm25","pays de la loire",55.5114575735879
"WESTERN EUROPE","pm25","gb",45.368268753035
"WESTERN EUROPE","pm25","county cork",53.4413986914914
"WESTERN EUROPE","pm25","county dublin",58.115047715728
"WESTERN EUROPE","pm25","lu",62.2295590756157
"WESTERN EUROPE","pm25","friesland",54.7312367692869
"WESTERN EUROPE","pm25","gelderland",58.9023238208743
"WESTERN EUROPE","pm25","groningen",61.1806459795685
"WESTERN EUROPE","pm25","limburg",59.9351101639505
"WESTERN EUROPE","pm25","north brabant",61.3402586578638
"WESTERN EUROPE","pm25","north holland",64.5113605430896
"WESTERN EUROPE","pm25","overijssel",61.1971557676539
"WESTERN EUROPE","pm25","south holland",60.7251075992718
"WESTERN EUROPE","pm25","utrecht",62.2760534475708
"WESTERN EUROPE","pm25","innlandet",44.5417167238984
"WESTERN EUROPE","pm25","no",47.9673010110996
"WESTERN EUROPE","pm25","nordland",47.6856469055543
"WESTERN EUROPE","pm25","oslo",55.8375423412453
"WESTERN EUROPE","pm25","rogaland",48.6905321990301
"WESTERN EUROPE","pm25","troms og finnmark",50.0303828718023
"WESTERN EUROPE","pm25","vestfold og telemark",44.5325145346331
"WESTERN EUROPE","pm25","vestland",48.934347830224
"WESTERN EUROPE","pm25","viken",50.9819796038722
"WESTERN EUROPE","pm25","castelo branco district",37.1217858166658
"WESTERN EUROPE","pm25","faro district",36.9655342639226
"WESTERN EUROPE","pm25","leiria district",34.5313951424122
"WESTERN EUROPE","pm25","porto district",33.5163599528779
"WESTERN EUROPE","pm25","pt",33.9598816562608
"WESTERN EUROPE","pm25","setubal",33.4230213800549
"WESTERN EUROPE","so2","andalusia",69.8604773050463
"WESTERN EUROPE","so2","aragon",67.2415925580658
"WESTERN EUROPE","so2","asturias",66.3102465895171
"WESTERN EUROPE","so2","balearic islands",69.3968289929978
"WESTERN EUROPE","so2","basque country",69.717331729797
"WESTERN EUROPE","so2","canary islands",68.8756443140158
"WESTERN EUROPE","so2","cantabria",69.155151977028
"WESTERN EUROPE","so2","castile-la mancha",69.9261720432542
"WESTERN EUROPE","so2","catalonia",69.8354095090461
"WESTERN EUROPE","so2","community of madrid",69.7167234880694
"WESTERN EUROPE","so2","es",67.9387455507872
"WESTERN EUROPE","so2","extremadura",66.8500720996569
"WESTERN EUROPE","so2","galicia",65.0501024479344
"WESTERN EUROPE","so2","la rioja",66.3201410064233
"WESTERN EUROPE","so2","navarre",62.2338086582895
"WESTERN EUROPE","so2","region of murcia",64.8940265339772
"WESTERN EUROPE","so2","valencian community",68.0752231628845
"WESTERN EUROPE","so2","kymenlaakso",56.8298898055314
"WESTERN EUROPE","so2","lapland",60.3490691556336
"WESTERN EUROPE","so2","northern ostrobothnia",57.2159141319299
"WESTERN EUROPE","so2","satakunta",50.7427034367849
"WESTERN EUROPE","so2","south karelia",56.9474590570754
"WESTERN EUROPE","so2","southwest finland",55.2920795029611
"WESTERN EUROPE","so2","uusimaa",59.6557613402162
"WESTERN EUROPE","so2","corsica",68.4174441365969
"WESTERN EUROPE","so2","fr",69.3455197443356
"WESTERN EUROPE","so2","grand est",68.4429963691021
"WESTERN EUROPE","so2","hauts-de-france",71.5159935856806
"WESTERN EUROPE","so2","normandy",68.8984205717297
"WESTERN EUROPE","so2","nouvelle-aquitaine",68.1107558397456
"WESTERN EUROPE","so2","pays de la loire",68.9874182423079
"WESTERN EUROPE","so2","gb",58.844229421755
"WESTERN EUROPE","so2","county cork",66.6757894755931
"WESTERN EUROPE","so2","emilia-romagna",65.332465938275
"WESTERN EUROPE","so2","lazio",69.3827898483794
"WESTERN EUROPE","so2","lu",75.7055197443356
"WESTERN EUROPE","so2","friesland",68.2071974380068
"WESTERN EUROPE","so2","gelderland",73.0013541402036
"WESTERN EUROPE","so2","limburg",73.4121098171076
"WESTERN EUROPE","so2","north holland",77.3926709708201
"WESTERN EUROPE","so2","utrecht",75.7520141162908
"WESTERN EUROPE","so2","zeeland",70.3731462004122
"WESTERN EUROPE","so2","agder",54.3721943646844
"WESTERN EUROPE","so2","troms og finnmark",64.0641865135742
"WESTERN EUROPE","so2","viken",64.6585991400049
"WESTERN EUROPE","so2","faro district",50.2754541495744
"WESTERN EUROPE","so2","leiria district",48.0073558111322
"WESTERN EUROPE","so2","lisbon",47.7270129804278
"WESTERN EUROPE","so2","pt",47.4358423249808
"WESTERN EUROPE","so2","setubal",46.8989820487749
